trace_id,time_min,tau_transport_min,modeled_signal,modeled_normalized_to_source,pass_strict
Choi_2020_C,0.000000,0.05,20.567,0.322778828,PASS
Choi_2020_C,0.250000,0.05,20.567,0.322778828,PASS
Choi_2020_C,0.500000,0.05,21.17835279,0.3490441998,PASS
Choi_2020_C,0.750000,0.05,21.79382485,0.3754865462,PASS
Choi_2020_C,1.000000,0.05,23.38818441,0.4439845513,PASS
Choi_2020_C,1.250000,0.05,24.98913967,0.5127659251,PASS
Choi_2020_C,1.500000,0.05,24.3880774,0.4869426619,PASS
Choi_2020_C,1.750000,0.05,23.77217805,0.4604819578,PASS
Choi_2020_C,2.000000,0.05,22.72857941,0.4156461339,PASS
Choi_2020_C,2.250000,0.05,21.68209896,0.3706864995,PASS
Choi_2020_C,2.500000,0.05,21.5528766,0.3651347568,PASS
Choi_2020_C,2.750000,0.05,21.42983467,0.3598485424,PASS
Choi_2020_C,3.000000,0.05,20.45014587,0.3177584581,PASS
Choi_2020_C,3.250000,0.05,19.46468503,0.2754203912,PASS
Choi_2020_C,3.500000,0.05,18.63264428,0.2396736672,PASS
Choi_2020_C,3.750000,0.05,17.80163726,0.2039713552,PASS
Choi_2020_C,4.000000,0.05,17.97929483,0.2116040055,PASS
Choi_2020_C,4.250000,0.05,18.16374873,0.2195286445,PASS
Choi_2020_C,4.500000,0.05,18.62387864,0.2392970716,PASS
Choi_2020_C,4.750000,0.05,19.08586604,0.2591453015,PASS
Choi_2020_C,5.000000,0.05,19.63924606,0.2829200061,PASS
Choi_2020_C,5.250000,0.05,20.19324188,0.306721167,PASS
Choi_2020_C,5.500000,0.05,20.47210827,0.3187020221,PASS
Choi_2020_C,5.750000,0.05,20.74912084,0.3306032326,PASS
Choi_2020_C,6.000000,0.05,21.14878879,0.3477740501,PASS
Choi_2020_C,6.250000,0.05,21.54928318,0.364980374,PASS
Choi_2020_C,6.500000,0.05,22.77518391,0.4176483894,PASS
Choi_2020_C,6.750000,0.05,24.00664618,0.4705553439,PASS
Choi_2020_C,7.000000,0.05,24.81004999,0.5050717471,PASS
Choi_2020_C,7.250000,0.05,25.61056955,0.5394642358,PASS
Choi_2020_C,7.500000,0.05,25.86030587,0.5501935846,PASS
Choi_2020_C,7.750000,0.05,26.10633105,0.5607634924,PASS
Choi_2020_C,8.000000,0.05,26.04690314,0.5582103084,PASS
Choi_2020_C,8.250000,0.05,25.9854171,0.5555687017,PASS
Choi_2020_C,8.500000,0.05,26.71902347,0.5870864181,PASS
Choi_2020_C,8.750000,0.05,27.45798713,0.6188342982,PASS
Choi_2020_C,9.000000,0.05,27.76889094,0.632191568,PASS
Choi_2020_C,9.250000,0.05,28.0769105,0.6454249227,PASS
Choi_2020_C,9.500000,0.05,28.87409219,0.6796740073,PASS
Choi_2020_C,9.750000,0.05,29.67456984,0.7140646948,PASS
Choi_2020_C,10.000000,0.05,29.67996341,0.7142964174,PASS
Choi_2020_C,10.250000,0.05,29.67999975,0.7142979788,PASS
Choi_2020_C,10.500000,0.05,30.8421166,0.7642256659,PASS
Choi_2020_C,10.750000,0.05,32.01206348,0.8144897527,PASS
Choi_2020_C,11.000000,0.05,32.44804247,0.8332205907,PASS
Choi_2020_C,11.250000,0.05,32.87907602,0.8517389593,PASS
Choi_2020_C,11.500000,0.05,33.61600096,0.8833992505,PASS
Choi_2020_C,11.750000,0.05,34.35498697,0.9151480913,PASS
Choi_2020_C,12.000000,0.05,34.35996622,0.9153620133,PASS
Choi_2020_C,12.250000,0.05,34.35999977,0.9153634547,PASS
Choi_2020_C,12.500000,0.05,34.66542808,0.928485482,PASS
Choi_2020_C,12.750000,0.05,34.97291412,0.9416959151,PASS
Choi_2020_C,13.000000,0.05,35.21982504,0.952303877,PASS
Choi_2020_C,13.250000,0.05,35.46632781,0.9628943036,PASS
Choi_2020_C,13.500000,0.05,35.59015997,0.9682144684,PASS
Choi_2020_C,13.750000,0.05,35.71316557,0.9734991224,PASS
Choi_2020_C,14.000000,0.05,35.77507999,0.9761591336,PASS
Choi_2020_C,14.250000,0.05,35.83658279,0.9788014601,PASS
Choi_2020_C,14.500000,0.05,35.89857944,0.9814650041,PASS
Choi_2020_C,14.750000,0.05,35.96057941,0.9841286911,PASS
Choi_2020_C,15.000000,0.05,35.89941492,0.9815008987,PASS
Choi_2020_C,15.250000,0.05,35.83742055,0.9788374527,PASS
Choi_2020_C,15.500000,0.05,35.40890689,0.9604273453,PASS
Choi_2020_C,15.750000,0.05,34.97792364,0.9419111377,PASS
Choi_2020_C,16.000000,0.05,34.79176285,0.9339131659,PASS
Choi_2020_C,16.250000,0.05,34.60725166,0.9259860655,PASS
Choi_2020_C,16.500000,0.05,33.13796712,0.8628616222,PASS
Choi_2020_C,16.750000,0.05,31.66002584,0.7993652622,PASS
Choi_2020_C,17.000000,0.05,29.81551254,0.7201199752,PASS
Choi_2020_C,17.250000,0.05,27.9685293,0.6407685726,PASS
Choi_2020_C,17.500000,0.05,27.46640623,0.6191960057,PASS
Choi_2020_C,17.750000,0.05,26.97334476,0.5980127496,PASS
Choi_2020_C,18.000000,0.05,28.34618711,0.6569937752,PASS
Choi_2020_C,18.250000,0.05,29.73160182,0.7165149435,PASS
Choi_2020_C,18.500000,0.05,31.85112191,0.8075752667,PASS
Choi_2020_C,18.750000,0.05,33.97558835,0.898848099,PASS
Choi_2020_C,19.000000,0.05,34.23474199,0.9099820412,PASS
Choi_2020_C,19.250000,0.05,34.48132725,0.9205760118,PASS
Choi_2020_C,19.500000,0.05,34.66624558,0.928520604,PASS
Choi_2020_C,19.750000,0.05,34.8507484,0.9364473448,PASS
Choi_2020_C,20.000000,0.05,35.15791628,0.9496441089,PASS
Choi_2020_C,20.250000,0.05,35.46591067,0.9628763822,PASS
Choi_2020_C,20.500000,0.05,35.77391063,0.9761088948,PASS
Choi_2020_C,20.750000,0.05,36.08191063,0.9893414089,PASS
Choi_2020_C,21.000000,0.05,36.17536603,0.9933565059,PASS
Choi_2020_C,21.250000,0.05,36.26737584,0.9973094964,PASS
Choi_2020_C,21.500000,0.05,36.29878692,0.9986590015,PASS
Choi_2020_C,21.750000,0.05,36.32978969,0.9999909644,PASS
Choi_2020_C,22.000000,0.05,36.20782735,0.9947511321,PASS
Choi_2020_C,22.250000,0.05,36.08483434,0.9894670193,PASS
Choi_2020_C,22.500000,0.05,35.74728979,0.974965191,PASS
Choi_2020_C,22.750000,0.05,35.40829959,0.9604012542,PASS
Choi_2020_C,23.000000,0.05,34.97791955,0.9419109619,PASS
Choi_2020_C,23.250000,0.05,34.54692373,0.9233942141,PASS
Choi_2020_C,23.500000,0.05,34.08562926,0.9035757545,PASS
Choi_2020_C,23.750000,0.05,33.62413065,0.8837485241,PASS
Choi_2020_C,24.000000,0.05,33.07025729,0.8599526244,PASS
Choi_2020_C,24.250000,0.05,32.51576151,0.836129984,PASS
Choi_2020_C,24.500000,0.05,31.99254929,0.8136513701,PASS
Choi_2020_C,24.750000,0.05,31.46954786,0.7911818122,PASS
Choi_2020_C,25.000000,0.05,31.31306155,0.7844587364,PASS
Choi_2020_C,25.250000,0.05,31.1590448,0.7778417596,PASS
Choi_2020_C,25.500000,0.05,31.21909266,0.7804215783,PASS
Choi_2020_C,25.750000,0.05,31.28058287,0.7830633645,PASS
Choi_2020_C,26.000000,0.05,31.40316842,0.7883299717,PASS
Choi_2020_C,26.250000,0.05,31.52616563,0.7936142649,PASS
Choi_2020_C,26.500000,0.05,31.49669989,0.7923483367,PASS
Choi_2020_C,26.750000,0.05,31.46620685,0.7910382735,PASS
Choi_2020_C,27.000000,0.05,31.43521027,0.7897065763,PASS
Choi_2020_C,27.250000,0.05,31.40421029,0.7883747333,PASS
Choi_2020_C,27.500000,0.05,30.91481986,0.7673491947,PASS
Choi_2020_C,27.750000,0.05,30.42234081,0.746190961,PASS
Choi_2020_C,28.000000,0.05,29.59312511,0.7105656089,PASS
Choi_2020_C,28.250000,0.05,28.7616405,0.6748427782,PASS
Choi_2020_C,28.500000,0.05,28.05280847,0.6443894343,PASS
Choi_2020_C,28.750000,0.05,27.34480287,0.6139715959,PASS
Choi_2020_C,29.000000,0.05,26.30008699,0.5690877725,PASS
Choi_2020_C,29.250000,0.05,25.25310238,0.524106478,PASS
Choi_2020_C,29.500000,0.05,24.75686629,0.5027868317,PASS
Choi_2020_C,29.750000,0.05,24.26434112,0.4816266163,PASS
Choi_2020_C,30.000000,0.05,23.83292657,0.4630918786,PASS
Choi_2020_C,30.250000,0.05,23.40192377,0.4445748313,PASS
Choi_2020_C,30.500000,0.05,23.33793408,0.4418256609,PASS
Choi_2020_C,30.750000,0.05,23.27641731,0.4391827337,PASS
Choi_2020_C,31.000000,0.05,23.2149172,0.4365405222,PASS
Choi_2020_C,31.250000,0.05,23.15341719,0.4338983156,PASS
Choi_2020_C,31.500000,0.05,22.8470781,0.4207371584,PASS
Choi_2020_C,31.750000,0.05,22.53908929,0.407505125,PASS
Choi_2020_C,32.000000,0.05,22.10891813,0.389023807,PASS
Choi_2020_C,32.250000,0.05,21.67792372,0.3705071197,PASS
Choi_2020_C,32.500000,0.05,21.18583814,0.3493657905,PASS
Choi_2020_C,32.750000,0.05,20.69334093,0.3282067766,PASS
Choi_2020_C,33.000000,0.05,20.44518341,0.3175452576,PASS
Choi_2020_C,33.250000,0.05,20.19867225,0.3069544701,PASS
Choi_2020_C,33.500000,0.05,20.13592565,0.3042587064,PASS
Choi_2020_C,33.750000,0.05,20.07441725,0.301616139,PASS
Choi_2020_C,34.000000,0.05,19.95183158,0.2963495265,PASS
Choi_2020_C,34.250000,0.05,19.82883437,0.2910652333,PASS
Choi_2020_C,34.500000,0.05,19.58316653,0.2805106773,PASS
Choi_2020_C,34.750000,0.05,19.33667213,0.2699206106,PASS
Choi_2020_C,35.000000,0.05,19.21284003,0.2646004483,PASS
Choi_2020_C,35.250000,0.05,19.08983443,0.2593157943,PASS
Choi_2020_C,35.500000,0.05,19.15009124,0.2619045901,PASS
Choi_2020_C,35.750000,0.05,19.21158286,0.2645464368,PASS
Choi_2020_C,36.000000,0.05,19.27308281,0.2671886409,PASS
Choi_2020_C,36.250000,0.05,19.33458281,0.2698308474,PASS
Choi_2020_C,36.500000,0.05,19.0598636,0.2580281664,PASS
Choi_2020_C,36.750000,0.05,18.78287897,0.2461281564,PASS
Choi_2020_C,37.000000,0.05,18.32212559,0.2263329435,PASS
Choi_2020_C,37.250000,0.05,17.86013399,0.2064845331,PASS
Choi_2020_C,37.500000,0.05,17.24566832,0.1800854237,PASS
Choi_2020_C,37.750000,0.05,16.63017529,0.1536421762,PASS
Choi_2020_C,38.000000,0.05,16.10605545,0.1311245681,PASS
Choi_2020_C,38.250000,0.05,15.58255127,0.1086334109,PASS
Choi_2020_C,38.500000,0.05,15.24230809,0.09401564239,PASS
Choi_2020_C,38.750000,0.05,14.90329972,0.07945092438,PASS
Choi_2020_C,39.000000,0.05,14.71775865,0.07147957753,PASS
Choi_2020_C,39.250000,0.05,14.53325163,0.06355265647,PASS
Choi_2020_C,39.500000,0.05,14.4098372,0.05825043826,PASS
Choi_2020_C,39.750000,0.05,14.28683441,0.05296590516,PASS
Choi_2020_C,40.000000,0.05,14.16333776,0.04766015461,PASS
Choi_2020_C,40.250000,0.05,14.03983778,0.04235426109,PASS
Choi_2020_C,40.500000,0.05,13.91683441,0.03706970323,PASS
Choi_2020_C,40.750000,0.05,13.79383439,0.03178528913,PASS
Choi_2020_C,41.000000,0.05,13.88488236,0.03569695661,PASS
Choi_2020_C,41.250000,0.05,13.97737258,0.0396705868,PASS
Choi_2020_C,41.500000,0.05,14.13095813,0.04626903801,PASS
Choi_2020_C,41.750000,0.05,14.28495534,0.05288517512,PASS
Choi_2020_C,42.000000,0.05,14.53033543,0.06342736837,PASS
Choi_2020_C,42.250000,0.05,14.77633125,0.07399601518,PASS
Choi_2020_C,42.500000,0.05,14.71690314,0.07144282264,PASS
Choi_2020_C,42.750000,0.05,14.6554171,0.06880121585,PASS
Choi_2020_C,43.000000,0.05,14.53283158,0.06353460981,PASS
Choi_2020_C,43.250000,0.05,14.40983437,0.05825031666,PASS
Choi_2020_C,43.500000,0.05,14.34792001,0.05559030786,PASS
Choi_2020_C,43.750000,0.05,14.28641721,0.05294798134,PASS
Choi_2020_C,44.000000,0.05,14.25521169,0.05160730742,PASS
Choi_2020_C,44.250000,0.05,14.2242103,0.05027540397,PASS
Choi_2020_C,44.500000,0.05,14.31587816,0.05421370325,PASS
Choi_2020_C,44.750000,0.05,14.40837255,0.05818751289,PASS
Choi_2020_C,45.000000,0.05,14.47008139,0.06083869172,PASS
Choi_2020_C,45.250000,0.05,14.5315828,0.06348095874,PASS
Choi_2020_C,45.500000,0.05,14.31794922,0.05430268158,PASS
Choi_2020_C,45.750000,0.05,14.10246179,0.04504475822,PASS
Choi_2020_C,46.000000,0.05,13.82587626,0.03316189469,PASS
Choi_2020_C,46.250000,0.05,13.54887905,0.02126134445,PASS
Choi_2020_C,46.500000,0.05,13.48592704,0.01855675566,PASS
Choi_2020_C,46.750000,0.05,13.42441726,0.01591412877,PASS
Choi_2020_C,47.000000,0.05,13.54617404,0.02114512992,PASS
Choi_2020_C,47.250000,0.05,13.66916567,0.02642918316,PASS
Choi_2020_C,47.500000,0.05,13.85325123,0.03433799738,PASS
Choi_2020_C,47.750000,0.05,14.03774843,0.0422644971,PASS
Choi_2020_C,48.000000,0.05,14.13086831,0.04626517902,PASS
Choi_2020_C,48.250000,0.05,14.22337248,0.05023940899,PASS
Choi_2020_C,48.500000,0.05,14.19370128,0.04896465369,PASS
Choi_2020_C,48.750000,0.05,14.16320686,0.047654531,PASS
Choi_2020_C,49.000000,0.05,13.85707668,0.03450234927,PASS
Choi_2020_C,49.250000,0.05,13.54908928,0.02127037636,PASS
Choi_2020_C,49.500000,0.05,13.30217498,0.01066226935,PASS
Choi_2020_C,49.750000,0.05,13.05567219,7.184180577e-05,PASS
Choi_2020_C,50.000000,0.05,13.11509688,0.002624887583,PASS
Choi_2020_C,50.250000,0.05,13.1765829,0.005266493387,PASS
Choi_2020_C,50.500000,0.05,13.54400752,0.0210520501,PASS
Choi_2020_C,50.750000,0.05,13.91349353,0.03692617006,PASS
Choi_2020_C,51.000000,0.05,14.28299344,0.05280088676,PASS
Choi_2020_C,51.250000,0.05,14.65249344,0.06867560747,PASS
Choi_2020_C,51.500000,0.05,15.05278456,0.08587319828,PASS
Choi_2020_C,51.750000,0.05,15.45328316,0.1030797025,PASS
Choi_2020_C,52.000000,0.05,15.48627619,0.1044971725,PASS
Choi_2020_C,52.250000,0.05,15.51679298,0.1058082568,PASS
Choi_2020_C,52.500000,0.05,15.36403625,0.09924541369,PASS
Choi_2020_C,52.750000,0.05,15.21004463,0.0926295165,PASS
Choi_2020_C,53.000000,0.05,15.11762693,0.08865900197,PASS
Choi_2020_C,53.250000,0.05,15.02562412,0.08470631188,PASS
Choi_2020_C,53.500000,0.05,15.02500421,0.08467967886,PASS
Choi_2020_C,53.750000,0.05,15.02500003,0.08467949941,PASS
Choi_2020_C,54.000000,0.05,14.93312326,0.08073222462,PASS
Choi_2020_C,0.000000,1,20.567,0.322778828,PASS
Choi_2020_C,0.250000,1,20.567,0.322778828,PASS
Choi_2020_C,0.500000,1,20.70314812,0.3286281199,PASS
Choi_2020_C,0.750000,1,20.9453285,0.3390328449,PASS
Choi_2020_C,1.000000,1,21.48807871,0.3623508641,PASS
Choi_2020_C,1.250000,1,22.26491295,0.3957257669,PASS
Choi_2020_C,1.500000,1,22.73365335,0.4158641238,PASS
Choi_2020_C,1.750000,1,22.96245002,0.4256938484,PASS
Choi_2020_C,2.000000,1,22.90915206,0.423404024,PASS
Choi_2020_C,2.250000,1,22.63615859,0.4116754851,PASS
Choi_2020_C,2.500000,1,22.39634356,0.4013723819,PASS
Choi_2020_C,2.750000,1,22.18236792,0.3921794089,PASS
Choi_2020_C,3.000000,1,21.7977317,0.3756543951,PASS
Choi_2020_C,3.250000,1,21.28018488,0.353419182,PASS
Choi_2020_C,3.500000,1,20.69330246,0.3282051238,PASS
Choi_2020_C,3.750000,1,20.05242143,0.3006711388,PASS
Choi_2020_C,4.000000,1,19.59411403,0.2809810117,PASS
Choi_2020_C,4.250000,1,19.27799513,0.2673996874,PASS
Choi_2020_C,4.500000,1,19.13399551,0.2612130741,PASS
Choi_2020_C,4.750000,1,19.12404254,0.2607854675,PASS
Choi_2020_C,5.000000,1,19.23883552,0.2657172849,PASS
Choi_2020_C,5.250000,1,19.45078076,0.2748230261,PASS
Choi_2020_C,5.500000,1,19.67711605,0.2845470034,PASS
Choi_2020_C,5.750000,1,19.91465834,0.2947524635,PASS
Choi_2020_C,6.000000,1,20.18824675,0.3065065624,PASS
Choi_2020_C,6.250000,1,20.4899079,0.3194667425,PASS
Choi_2020_C,6.500000,1,20.99724868,0.3412634763,PASS
Choi_2020_C,6.750000,1,21.66477291,0.3699421252,PASS
Choi_2020_C,7.000000,1,22.36171127,0.3998844849,PASS
Choi_2020_C,7.250000,1,23.08155739,0.4308110238,PASS
Choi_2020_C,7.500000,1,23.69658912,0.4572344526,PASS
Choi_2020_C,7.750000,1,24.22999132,0.4801508557,PASS
Choi_2020_C,8.000000,1,24.63180161,0.4974137143,PASS
Choi_2020_C,8.250000,1,24.93112804,0.5102735882,PASS
Choi_2020_C,8.500000,1,25.32770991,0.5273118196,PASS
Choi_2020_C,8.750000,1,25.80003441,0.5476041591,PASS
Choi_2020_C,9.000000,1,26.23601045,0.5663348708,PASS
Choi_2020_C,9.250000,1,26.6436783,0.5838493855,PASS
Choi_2020_C,9.500000,1,27.13824031,0.6050971089,PASS
Choi_2020_C,9.750000,1,27.70047556,0.6292522582,PASS
Choi_2020_C,10.000000,1,28.13834482,0.6480643073,PASS
Choi_2020_C,10.250000,1,28.47935774,0.6627151459,PASS
Choi_2020_C,10.500000,1,29.00374195,0.6852441119,PASS
Choi_2020_C,10.750000,1,29.67093587,0.7139085697,PASS
Choi_2020_C,11.000000,1,30.28588388,0.7403284016,PASS
Choi_2020_C,11.250000,1,30.86014273,0.7650001173,PASS
Choi_2020_C,11.500000,1,31.4708422,0.7912374204,PASS
Choi_2020_C,11.750000,1,32.10992164,0.8186940041,PASS
Choi_2020_C,12.000000,1,32.60763721,0.8400772131,PASS
Choi_2020_C,12.250000,1,32.99525849,0.8567304729,PASS
Choi_2020_C,12.500000,1,33.365157,0.8726223149,PASS
Choi_2020_C,12.750000,1,33.72125301,0.8879211639,PASS
Choi_2020_C,13.000000,1,34.05310647,0.9021784873,PASS
Choi_2020_C,13.250000,1,34.36607981,0.9156246697,PASS
Choi_2020_C,13.500000,1,34.6370312,0.9272654751,PASS
Choi_2020_C,13.750000,1,34.87525585,0.9375002515,PASS
Choi_2020_C,14.000000,1,35.07438915,0.9460555574,PASS
Choi_2020_C,14.250000,1,35.24307808,0.9533028904,PASS
Choi_2020_C,14.500000,1,35.38816749,0.9595363246,PASS
Choi_2020_C,14.750000,1,35.51487759,0.9649801338,PASS
Choi_2020_C,15.000000,1,35.59984517,0.968630571,PASS
Choi_2020_C,15.250000,1,35.65230363,0.9708843286,PASS
Choi_2020_C,15.500000,1,35.59782146,0.968543627,PASS
Choi_2020_C,15.750000,1,35.46005384,0.9626247569,PASS
Choi_2020_C,16.000000,1,35.31194906,0.9562617742,PASS
Choi_2020_C,16.250000,1,35.15579368,0.9495529162,PASS
Choi_2020_C,16.500000,1,34.7072473,0.9302821492,PASS
Choi_2020_C,16.750000,1,34.03098659,0.9012281575,PASS
Choi_2020_C,17.000000,1,33.09575927,0.8610482588,PASS
Choi_2020_C,17.250000,1,31.95884854,0.8122034948,PASS
Choi_2020_C,17.500000,1,30.96437037,0.7694780189,PASS
Choi_2020_C,17.750000,1,30.08081877,0.7315182493,PASS
Choi_2020_C,18.000000,1,29.69917961,0.7151219973,PASS
Choi_2020_C,18.250000,1,29.70843025,0.7155194297,PASS
Choi_2020_C,18.500000,1,30.18557239,0.7360187484,PASS
Choi_2020_C,18.750000,1,31.0271088,0.7721734317,PASS
Choi_2020_C,19.000000,1,31.73702362,0.8026732951,PASS
Choi_2020_C,19.250000,1,32.34443144,0.8287691804,PASS
Choi_2020_C,19.500000,1,32.85829239,0.8508460383,PASS
Choi_2020_C,19.750000,1,33.29929895,0.8697928747,PASS
Choi_2020_C,20.000000,1,33.71088457,0.8874757074,PASS
Choi_2020_C,20.250000,1,34.09955712,0.9041741332,PASS
Choi_2020_C,20.500000,1,34.47038498,0.920105902,PASS
Choi_2020_C,20.750000,1,34.82731536,0.9354405978,PASS
Choi_2020_C,21.000000,1,35.12564334,0.9482575762,PASS
Choi_2020_C,21.250000,1,35.37833174,0.9591137541,PASS
Choi_2020_C,21.500000,1,35.58198284,0.9678631568,PASS
Choi_2020_C,21.750000,1,35.74744365,0.9749718014,PASS
Choi_2020_C,22.000000,1,35.84909715,0.9793391113,PASS
Choi_2020_C,22.250000,1,35.90105748,0.9815714676,PASS
Choi_2020_C,22.500000,1,35.86653769,0.9800884038,PASS
Choi_2020_C,22.750000,1,35.76466711,0.975711768,PASS
Choi_2020_C,23.000000,1,35.58999336,0.9682073107,PASS
Choi_2020_C,23.250000,1,35.35862045,0.9582669037,PASS
Choi_2020_C,23.500000,1,35.07634361,0.946139526,PASS
Choi_2020_C,23.750000,1,34.75442274,0.9323089337,PASS
Choi_2020_C,24.000000,1,34.38105555,0.9162680681,PASS
Choi_2020_C,24.250000,1,33.96762193,0.8985058398,PASS
Choi_2020_C,24.500000,1,33.52995231,0.8797023675,PASS
Choi_2020_C,24.750000,1,33.07340767,0.8600879736,PASS
Choi_2020_C,25.000000,1,32.68378567,0.8433487573,PASS
Choi_2020_C,25.250000,1,32.34628308,0.8288487317,PASS
Choi_2020_C,25.500000,1,32.09703954,0.8181405544,PASS
Choi_2020_C,25.750000,1,31.91653224,0.8103854715,PASS
Choi_2020_C,26.000000,1,31.80316051,0.805514715,PASS
Choi_2020_C,26.250000,1,31.74207402,0.802890274,PASS
Choi_2020_C,26.500000,1,31.68775324,0.8005565062,PASS
Choi_2020_C,26.750000,1,31.6387016,0.7984491148,PASS
Choi_2020_C,27.000000,1,31.59364296,0.7965132738,PASS
Choi_2020_C,27.250000,1,31.55169409,0.7947110366,PASS
Choi_2020_C,27.500000,1,31.41008366,0.7886270689,PASS
Choi_2020_C,27.750000,1,31.19085673,0.7792084863,PASS
Choi_2020_C,28.000000,1,30.83619548,0.7639712784,PASS
Choi_2020_C,28.250000,1,30.37605786,0.7442025204,PASS
Choi_2020_C,28.500000,1,29.86109329,0.7220782475,PASS
Choi_2020_C,28.750000,1,29.30342943,0.6981194976,PASS
Choi_2020_C,29.000000,1,28.6375248,0.6695104311,PASS
Choi_2020_C,29.250000,1,27.88732217,0.6372796944,PASS
Choi_2020_C,29.500000,1,27.19412316,0.6074979875,PASS
Choi_2020_C,29.750000,1,26.54531861,0.579623587,PASS
Choi_2020_C,30.000000,1,25.94469226,0.5538190523,PASS
Choi_2020_C,30.250000,1,25.38158713,0.5296265306,PASS
Choi_2020_C,30.500000,1,24.92943665,0.5102009218,PASS
Choi_2020_C,30.750000,1,24.56369776,0.4944877883,PASS
Choi_2020_C,31.000000,1,24.26525627,0.4816659337,PASS
Choi_2020_C,31.250000,1,24.01922606,0.4710958093,PASS
Choi_2020_C,31.500000,1,23.75948817,0.4599367663,PASS
Choi_2020_C,31.750000,1,23.48907475,0.4483190731,PASS
Choi_2020_C,32.000000,1,23.1831397,0.4351752748,PASS
Choi_2020_C,32.250000,1,22.84954038,0.4208429445,PASS
Choi_2020_C,32.500000,1,22.48079235,0.4050005306,PASS
Choi_2020_C,32.750000,1,22.08467048,0.3879820624,PASS
Choi_2020_C,33.000000,1,21.72164486,0.3723854983,PASS
Choi_2020_C,33.250000,1,21.38439461,0.3578963142,PASS
Choi_2020_C,33.500000,1,21.1081401,0.3460276723,PASS
Choi_2020_C,33.750000,1,20.87938912,0.3361999106,PASS
Choi_2020_C,34.000000,1,20.67403017,0.3273771341,PASS
Choi_2020_C,34.250000,1,20.48688896,0.3193370408,PASS
Choi_2020_C,34.500000,1,20.28661763,0.3107328421,PASS
Choi_2020_C,34.750000,1,20.07612056,0.3016893176,PASS
Choi_2020_C,35.000000,1,19.88497777,0.2934773057,PASS
Choi_2020_C,35.250000,1,19.70890811,0.2859128763,PASS
Choi_2020_C,35.500000,1,19.58538867,0.2806061467,PASS
Choi_2020_C,35.750000,1,19.50279539,0.2770577157,PASS
Choi_2020_C,36.000000,1,19.45207543,0.2748786488,PASS
Choi_2020_C,36.250000,1,19.42617844,0.2737660438,PASS
Choi_2020_C,36.500000,1,19.34473765,0.2702671273,PASS
Choi_2020_C,36.750000,1,19.22003933,0.2649097494,PASS
Choi_2020_C,37.000000,1,19.02073013,0.2563468866,PASS
Choi_2020_C,37.250000,1,18.76331394,0.2452875897,PASS
Choi_2020_C,37.500000,1,18.42668989,0.2308253088,PASS
Choi_2020_C,37.750000,1,18.02837869,0.2137127812,PASS
Choi_2020_C,38.000000,1,17.60237584,0.1954105446,PASS
Choi_2020_C,38.250000,1,17.15480668,0.1761817617,PASS
Choi_2020_C,38.500000,1,16.73125295,0.1579847459,PASS
Choi_2020_C,38.750000,1,16.32640243,0.1405912712,PASS
Choi_2020_C,39.000000,1,15.97029327,0.1252918573,PASS
Choi_2020_C,39.250000,1,15.65214393,0.1116232998,PASS
Choi_2020_C,39.500000,1,15.37716146,0.09980930842,PASS
Choi_2020_C,39.750000,1,15.1357974,0.08943965465,PASS
Choi_2020_C,40.000000,1,14.92050478,0.08019010047,PASS
Choi_2020_C,40.250000,1,14.72551661,0.07181288073,PASS
Choi_2020_C,40.500000,1,14.54645217,0.06411978739,PASS
Choi_2020_C,40.750000,1,14.37978914,0.05695949222,PASS
Choi_2020_C,41.000000,1,14.27045277,0.0522621056,PASS
Choi_2020_C,41.250000,1,14.20576245,0.04948283409,PASS
Choi_2020_C,41.500000,1,14.18944625,0.04878184615,PASS
Choi_2020_C,41.750000,1,14.21080386,0.04969942708,PASS
Choi_2020_C,42.000000,1,14.2818522,0.05275185591,PASS
Choi_2020_C,42.250000,1,14.3915997,0.05746690598,PASS
Choi_2020_C,42.500000,1,14.46346739,0.06055453663,PASS
Choi_2020_C,42.750000,1,14.50583426,0.06237473178,PASS
Choi_2020_C,43.000000,1,14.5116221,0.06262339314,PASS
Choi_2020_C,43.250000,1,14.48892217,0.06164814276,PASS
Choi_2020_C,43.500000,1,14.4576397,0.06030416298,PASS
Choi_2020_C,43.750000,1,14.41967313,0.05867301645,PASS
Choi_2020_C,44.000000,1,14.38324756,0.05710807541,PASS
Choi_2020_C,44.250000,1,14.34802213,0.05559469526,PASS
Choi_2020_C,44.500000,1,14.34104946,0.05529513048,PASS
Choi_2020_C,44.750000,1,14.35608006,0.05594088606,PASS
Choi_2020_C,45.000000,1,14.38138966,0.05702825504,PASS
Choi_2020_C,45.250000,1,14.41470455,0.05845955287,PASS
Choi_2020_C,45.500000,1,14.39298178,0.05752628383,PASS
Choi_2020_C,45.750000,1,14.32839564,0.05475148826,PASS
Choi_2020_C,46.000000,1,14.21682372,0.04995805637,PASS
Choi_2020_C,46.250000,1,14.06865924,0.04359250892,PASS
Choi_2020_C,46.500000,1,13.93966487,0.03805056156,PASS
Choi_2020_C,46.750000,1,13.82560021,0.0331500346,PASS
Choi_2020_C,47.000000,1,13.76397406,0.03050240841,PASS
Choi_2020_C,47.250000,1,13.74318707,0.0296093431,PASS
Choi_2020_C,47.500000,1,13.7678094,0.03066718521,PASS
Choi_2020_C,47.750000,1,13.82779655,0.03324439554,PASS
Choi_2020_C,48.000000,1,13.89497552,0.03613058583,PASS
Choi_2020_C,48.250000,1,13.96775547,0.03925740995,PASS
Choi_2020_C,48.500000,1,14.01768999,0.04140273185,PASS
Choi_2020_C,48.750000,1,14.04983245,0.04278365903,PASS
Choi_2020_C,49.000000,1,14.00673566,0.04093210443,PASS
Choi_2020_C,49.250000,1,13.90504249,0.03656309049,PASS
Choi_2020_C,49.500000,1,13.77131817,0.03081793125,PASS
Choi_2020_C,49.750000,1,13.61264795,0.02400102899,PASS
Choi_2020_C,50.000000,1,13.50267921,0.0192764742,PASS
Choi_2020_C,50.250000,1,13.43063923,0.01618144125,PASS
Choi_2020_C,50.500000,1,13.45626754,0.01728250296,PASS
Choi_2020_C,50.750000,1,13.55796,0.02165148648,PASS
Choi_2020_C,51.000000,1,13.71889128,0.02856553006,PASS
Choi_2020_C,51.250000,1,13.92595779,0.03746166841,PASS
Choi_2020_C,51.500000,1,14.17581165,0.04819606657,PASS
Choi_2020_C,51.750000,1,14.45898831,0.0603621029,PASS
Choi_2020_C,52.000000,1,14.68627309,0.0701268727,PASS
Choi_2020_C,52.250000,1,14.87002923,0.07802153425,PASS
Choi_2020_C,52.500000,1,14.97907398,0.08270639196,PASS
Choi_2020_C,52.750000,1,15.02993343,0.08489145192,PASS
Choi_2020_C,53.000000,1,15.04919249,0.08571887313,PASS
Choi_2020_C,53.250000,1,15.04384113,0.08548896421,PASS
Choi_2020_C,53.500000,1,15.03967349,0.08530991096,PASS
Choi_2020_C,53.750000,1,15.03642772,0.08517046415,PASS
Choi_2020_C,54.000000,1,15.01343899,0.084182806,PASS
Choi_2020_C,0.000000,2,20.567,0.322778828,FAIL
Choi_2020_C,0.250000,2,20.567,0.322778828,FAIL
Choi_2020_C,0.500000,2,20.63932316,0.3258860267,FAIL
Choi_2020_C,0.750000,2,20.77547127,0.3317353185,FAIL
Choi_2020_C,1.000000,2,21.08374403,0.3449795509,FAIL
Choi_2020_C,1.250000,2,21.54391623,0.3647497952,FAIL
Choi_2020_C,1.500000,2,21.87763487,0.3790872518,FAIL
Choi_2020_C,1.750000,2,22.09975863,0.38863029,FAIL
Choi_2020_C,2.000000,2,22.17281517,0.3917689967,FAIL
Choi_2020_C,2.250000,2,22.11432034,0.3892559006,FAIL
Choi_2020_C,2.500000,2,22.04824596,0.3864171662,FAIL
Choi_2020_C,2.750000,2,21.97548264,0.383291057,FAIL
Choi_2020_C,3.000000,2,21.79546994,0.3755572236,FAIL
Choi_2020_C,3.250000,2,21.52080998,0.3637570879,FAIL
Choi_2020_C,3.500000,2,21.18077834,0.3491484079,FAIL
Choi_2020_C,3.750000,2,20.7830564,0.3320611962,FAIL
Choi_2020_C,4.000000,2,20.45374735,0.3179131872,FAIL
Choi_2020_C,4.250000,2,20.18481244,0.3063590154,FAIL
Choi_2020_C,4.500000,2,20.00176466,0.2984947867,FAIL
Choi_2020_C,4.750000,2,19.89451198,0.2938869214,FAIL
Choi_2020_C,5.000000,2,19.86495854,0.2926172257,FAIL
Choi_2020_C,5.250000,2,19.90397444,0.2942934544,FAIL
Choi_2020_C,5.500000,2,19.97095421,0.2971710866,FAIL
Choi_2020_C,5.750000,2,20.06261201,0.3011089538,FAIL
Choi_2020_C,6.000000,2,20.19055972,0.306605934,FAIL
Choi_2020_C,6.250000,2,20.35053317,0.3134788267,FAIL
Choi_2020_C,6.500000,2,20.63641431,0.3257610547,FAIL
Choi_2020_C,6.750000,2,21.03340859,0.3428170043,FAIL
Choi_2020_C,7.000000,2,21.47781605,0.3619099522,FAIL
Choi_2020_C,7.250000,2,21.96406548,0.3828005447,FAIL
Choi_2020_C,7.500000,2,22.42208486,0.4024782978,FAIL
Choi_2020_C,7.750000,2,22.85519131,0.4210857237,FAIL
Choi_2020_C,8.000000,2,23.23017996,0.437196252,FAIL
Choi_2020_C,8.250000,2,23.55387985,0.4511032759,FAIL
Choi_2020_C,8.500000,2,23.92637879,0.4671068391,FAIL
Choi_2020_C,8.750000,2,24.34194273,0.4849605917,FAIL
Choi_2020_C,9.000000,2,24.74486758,0.5022713345,FAIL
Choi_2020_C,9.250000,2,25.13663847,0.5191028729,FAIL
Choi_2020_C,9.500000,2,25.57643629,0.5379977785,FAIL
Choi_2020_C,9.750000,2,26.05861774,0.5587135993,FAIL
Choi_2020_C,10.000000,2,26.48414137,0.5769952471,FAIL
Choi_2020_C,10.250000,2,26.85966466,0.5931287446,FAIL
Choi_2020_C,10.500000,2,27.32854142,0.6132729602,FAIL
Choi_2020_C,10.750000,2,27.87980234,0.6369566221,FAIL
Choi_2020_C,11.000000,2,28.41693222,0.6600331767,FAIL
Choi_2020_C,11.250000,2,28.94159151,0.6825739609,FAIL
Choi_2020_C,11.500000,2,29.49143651,0.7061967909,FAIL
Choi_2020_C,11.750000,2,30.0635078,0.7307745229,FAIL
Choi_2020_C,12.000000,2,30.56835894,0.7524642953,FAIL
Choi_2020_C,12.250000,2,31.01388851,0.7716054523,FAIL
Choi_2020_C,12.500000,2,31.44319917,0.7900498013,FAIL
Choi_2020_C,12.750000,2,31.85819671,0.8078792194,FAIL
Choi_2020_C,13.000000,2,32.25339526,0.8248580196,FAIL
Choi_2020_C,13.250000,2,32.63112128,0.8410861522,FAIL
Choi_2020_C,13.500000,2,32.9789162,0.8560283638,FAIL
Choi_2020_C,13.750000,2,33.30029701,0.8698357542,FAIL
Choi_2020_C,14.000000,2,33.59114103,0.8823312009,FAIL
Choi_2020_C,14.250000,2,33.85503642,0.8936688614,FAIL
Choi_2020_C,14.500000,2,34.09520847,0.9039873032,FAIL
Choi_2020_C,14.750000,2,34.31444475,0.9134062877,FAIL
Choi_2020_C,15.000000,2,34.5006349,0.9214055208,FAIL
Choi_2020_C,15.250000,2,34.65766194,0.9281518277,FAIL
Choi_2020_C,15.500000,2,34.74559398,0.9319296263,FAIL
Choi_2020_C,15.750000,2,34.7725499,0.9330877255,FAIL
Choi_2020_C,16.000000,2,34.77465909,0.9331783421,FAIL
Choi_2020_C,16.250000,2,34.75484113,0.9323269086,FAIL
Choi_2020_C,16.500000,2,34.56368225,0.9241142058,FAIL
Choi_2020_C,16.750000,2,34.22131556,0.9094052056,FAIL
Choi_2020_C,17.000000,2,33.7021498,0.8871004382,FAIL
Choi_2020_C,17.250000,2,33.0269594,0.85809243,FAIL
Choi_2020_C,17.500000,2,32.37317694,0.8300041647,FAIL
Choi_2020_C,17.750000,2,31.73828691,0.8027275696,FAIL
Choi_2020_C,18.000000,2,31.34079897,0.7856504112,FAIL
Choi_2020_C,18.250000,2,31.15281764,0.777574224,FAIL
Choi_2020_C,18.500000,2,31.23656002,0.7811720236,FAIL
Choi_2020_C,18.750000,2,31.56009775,0.7950720806,FAIL
Choi_2020_C,19.000000,2,31.8745833,0.8085832318,FAIL
Choi_2020_C,19.250000,2,32.18108034,0.8217511748,FAIL
Choi_2020_C,19.500000,2,32.47324235,0.834303246,FAIL
Choi_2020_C,19.750000,2,32.75275375,0.8463118124,FAIL
Choi_2020_C,20.000000,2,33.03561264,0.8584641965,FAIL
Choi_2020_C,20.250000,2,33.32142569,0.8707434992,FAIL
Choi_2020_C,20.500000,2,33.60984577,0.8831348071,FAIL
Choi_2020_C,20.750000,2,33.90056656,0.8956249595,FAIL
Choi_2020_C,21.000000,2,34.16793703,0.9071119193,FAIL
Choi_2020_C,21.250000,2,34.41470094,0.9177135649,FAIL
Choi_2020_C,21.500000,2,34.63611191,0.9272259801,FAIL
Choi_2020_C,21.750000,2,34.83514901,0.9357771529,FAIL
Choi_2020_C,22.000000,2,34.99634575,0.9427026014,FAIL
Choi_2020_C,22.250000,2,35.12414849,0.9481933534,FAIL
Choi_2020_C,22.500000,2,35.19710047,0.9513275678,FAIL
Choi_2020_C,22.750000,2,35.22164681,0.9523821452,FAIL
Choi_2020_C,23.000000,2,35.19266505,0.9511370101,FAIL
Choi_2020_C,23.250000,2,35.11644489,0.9478623859,FAIL
Choi_2020_C,23.500000,2,34.99495317,0.9426427723,FAIL
Choi_2020_C,23.750000,2,34.83350941,0.9357067114,FAIL
Choi_2020_C,24.000000,2,34.62588033,0.9267864038,FAIL
Choi_2020_C,24.250000,2,34.37749285,0.9161150046,FAIL
Choi_2020_C,24.500000,2,34.09683754,0.9040572925,FAIL
Choi_2020_C,24.750000,2,33.78770598,0.8907761634,FAIL
Choi_2020_C,25.000000,2,33.49680286,0.8782781775,FAIL
Choi_2020_C,25.250000,2,33.22198628,0.8664713129,FAIL
Choi_2020_C,25.500000,2,32.98668794,0.8563622589,FAIL
Choi_2020_C,25.750000,2,32.78626432,0.8477515176,FAIL
Choi_2020_C,26.000000,2,32.62384398,0.8407734999,FAIL
Choi_2020_C,26.250000,2,32.49496142,0.8352363558,FAIL
Choi_2020_C,26.500000,2,32.37763911,0.8301958717,FAIL
Choi_2020_C,26.750000,2,32.27051869,0.8255936883,FAIL
Choi_2020_C,27.000000,2,32.17234266,0.82137578,FAIL
Choi_2020_C,27.250000,2,32.08206001,0.8174969932,FAIL
Choi_2020_C,27.500000,2,31.94451559,0.8115877121,FAIL
Choi_2020_C,27.750000,2,31.76526278,0.803886526,FAIL
Choi_2020_C,28.000000,2,31.50936891,0.7928926322,FAIL
Choi_2020_C,28.250000,2,31.18583953,0.778992934,FAIL
Choi_2020_C,28.500000,2,30.81713367,0.7631523315,FAIL
Choi_2020_C,28.750000,2,30.40855969,0.7455988869,FAIL
Choi_2020_C,29.000000,2,29.92496868,0.7248225073,FAIL
Choi_2020_C,29.250000,2,29.37517537,0.7012018976,FAIL
Choi_2020_C,29.500000,2,28.8321142,0.6778705189,FAIL
Choi_2020_C,29.750000,2,28.29499412,0.6547943856,FAIL
Choi_2020_C,30.000000,2,27.77034348,0.6322539732,FAIL
Choi_2020_C,30.250000,2,27.25669708,0.6101863328,FAIL
Choi_2020_C,30.500000,2,26.79617929,0.590401241,FAIL
Choi_2020_C,30.750000,2,26.38254732,0.5726304913,FAIL
Choi_2020_C,31.000000,2,26.01029194,0.5566373923,FAIL
Choi_2020_C,31.250000,2,25.67455129,0.5422130645,FAIL
Choi_2020_C,31.500000,2,25.34207025,0.5279287785,FAIL
Choi_2020_C,31.750000,2,25.01246581,0.513768079,FAIL
Choi_2020_C,32.000000,2,24.67094707,0.4990955092,FAIL
Choi_2020_C,32.250000,2,24.31891401,0.4839712155,FAIL
Choi_2020_C,32.500000,2,23.95037565,0.4681378093,FAIL
Choi_2020_C,32.750000,2,23.56727141,0.4516786137,FAIL
Choi_2020_C,33.000000,2,23.2002186,0.4359090306,FAIL
Choi_2020_C,33.250000,2,22.84733111,0.4207480284,FAIL
Choi_2020_C,33.500000,2,22.52868255,0.4070580234,FAIL
Choi_2020_C,33.750000,2,22.24024975,0.394666169,FAIL
Choi_2020_C,34.000000,2,21.97125581,0.383109461,FAIL
Choi_2020_C,34.250000,2,21.71941662,0.372289767,FAIL
Choi_2020_C,34.500000,2,21.46820479,0.3614970267,FAIL
Choi_2020_C,34.750000,2,21.21754662,0.3507280728,FAIL
Choi_2020_C,35.000000,2,20.98188868,0.3406035694,FAIL
Choi_2020_C,35.250000,2,20.7594684,0.3310477917,FAIL
Choi_2020_C,35.500000,2,20.57040963,0.3229253148,FAIL
Choi_2020_C,35.750000,2,20.41079229,0.3160677217,FAIL
Choi_2020_C,36.000000,2,20.27715692,0.3103263844,FAIL
Choi_2020_C,36.250000,2,20.16645057,0.3055701395,FAIL
Choi_2020_C,36.500000,2,20.03620419,0.2999744024,FAIL
Choi_2020_C,36.750000,2,19.88871381,0.2936378162,FAIL
Choi_2020_C,37.000000,2,19.70426758,0.2857135064,FAIL
Choi_2020_C,37.250000,2,19.48720791,0.2763880355,FAIL
Choi_2020_C,37.500000,2,19.22333028,0.2650511376,FAIL
Choi_2020_C,37.750000,2,18.91813593,0.2519391616,FAIL
Choi_2020_C,38.000000,2,18.58728998,0.2377251239,FAIL
Choi_2020_C,38.250000,2,18.23380659,0.22253852,FAIL
Choi_2020_C,38.500000,2,17.88202504,0.207425032,FAIL
Choi_2020_C,38.750000,2,17.53174537,0.1923760684,FAIL
Choi_2020_C,39.000000,2,17.20094532,0.1781640023,FAIL
Choi_2020_C,39.250000,2,16.88733598,0.1646904956,FAIL
Choi_2020_C,39.500000,2,16.59612382,0.1521792328,FAIL
Choi_2020_C,39.750000,2,16.32467712,0.1405171472,FAIL
Choi_2020_C,40.000000,2,16.07061461,0.1296019337,FAIL
Choi_2020_C,40.250000,2,15.8318936,0.1193458326,FAIL
Choi_2020_C,40.500000,2,15.60677017,0.1096739202,FAIL
Choi_2020_C,40.750000,2,15.39364655,0.1005175526,FAIL
Choi_2020_C,41.000000,2,15.21643466,0.09290404981,FAIL
Choi_2020_C,41.250000,2,15.07091475,0.0866521204,FAIL
Choi_2020_C,41.500000,2,14.96058936,0.08191224277,FAIL
Choi_2020_C,41.750000,2,14.88132302,0.07850674613,FAIL
Choi_2020_C,42.000000,2,14.84027649,0.07674327573,FAIL
Choi_2020_C,42.250000,2,14.83295881,0.07642888838,FAIL
Choi_2020_C,42.500000,2,14.81927454,0.07584097506,FAIL
Choi_2020_C,42.750000,2,14.79997177,0.07501167592,FAIL
Choi_2020_C,43.000000,2,14.76848426,0.07365888709,FAIL
Choi_2020_C,43.250000,2,14.72624374,0.07184412022,FAIL
Choi_2020_C,43.500000,2,14.68174018,0.06993212663,FAIL
Choi_2020_C,43.750000,2,14.63523948,0.06793433075,FAIL
Choi_2020_C,44.000000,2,14.59056017,0.06601478629,FAIL
Choi_2020_C,44.250000,2,14.54748821,0.06416429845,FAIL
Choi_2020_C,44.500000,2,14.52034638,0.06299821192,FAIL
Choi_2020_C,44.750000,2,14.50726284,0.0624361074,FAIL
Choi_2020_C,45.000000,2,14.50294309,0.06225051937,FAIL
Choi_2020_C,45.250000,2,14.50635737,0.06239720596,FAIL
Choi_2020_C,45.500000,2,14.48404854,0.06143875826,FAIL
Choi_2020_C,45.750000,2,14.43903915,0.05950503298,FAIL
Choi_2020_C,46.000000,2,14.36677014,0.0564001608,FAIL
Choi_2020_C,46.250000,2,14.27044461,0.05226175511,FAIL
Choi_2020_C,46.500000,2,14.17821119,0.04829915745,FAIL
Choi_2020_C,46.750000,2,14.08958904,0.04449170983,FAIL
Choi_2020_C,47.000000,2,14.02583315,0.04175258401,FAIL
Choi_2020_C,47.250000,2,13.98402165,0.03995624887,FAIL
Choi_2020_C,47.500000,2,13.96880245,0.03930239103,FAIL
Choi_2020_C,47.750000,2,13.97705088,0.03965676589,FAIL
Choi_2020_C,48.000000,2,13.99519913,0.04043646385,FAIL
Choi_2020_C,48.250000,2,14.02208394,0.04159150813,FAIL
Choi_2020_C,48.500000,2,14.04222586,0.04245685946,FAIL
Choi_2020_C,48.750000,2,14.0564172,0.04306655766,FAIL
Choi_2020_C,49.000000,2,14.03275005,0.04204975304,FAIL
Choi_2020_C,49.250000,2,13.97567292,0.03959756471,FAIL
Choi_2020_C,49.500000,2,13.89633801,0.03618912215,FAIL
Choi_2020_C,49.750000,2,13.79736068,0.03193678821,FAIL
Choi_2020_C,50.000000,2,13.71723994,0.02849458413,FAIL
Choi_2020_C,50.250000,2,13.65376007,0.02576731714,FAIL
Choi_2020_C,50.500000,2,13.64115668,0.02522584133,FAIL
Choi_2020_C,50.750000,2,13.67345162,0.02661331947,FAIL
Choi_2020_C,51.000000,2,13.7453692,0.02970309348,FAIL
Choi_2020_C,51.250000,2,13.85225364,0.03429513834,FAIL
Choi_2020_C,51.500000,2,13.99363881,0.04036942835,FAIL
Choi_2020_C,51.750000,2,14.16547078,0.04775179511,FAIL
Choi_2020_C,52.000000,2,14.32069581,0.05442068258,FAIL
Choi_2020_C,52.250000,2,14.46126526,0.06045992679,FAIL
Choi_2020_C,52.500000,2,14.56722188,0.06501211039,FAIL
Choi_2020_C,52.750000,2,14.6426328,0.06825196761,FAIL
Choi_2020_C,53.000000,2,14.69837241,0.07064669246,FAIL
Choi_2020_C,53.250000,2,14.73675217,0.0722955906,FAIL
Choi_2020_C,53.500000,2,14.77062218,0.0737507381,FAIL
Choi_2020_C,53.750000,2,14.80051236,0.07503490126,FAIL
Choi_2020_C,54.000000,2,14.81602132,0.07570120803,FAIL
Choi_2020_C,0.000000,5,20.567,0.322778828,FAIL
Choi_2020_C,0.250000,5,20.567,0.322778828,FAIL
Choi_2020_C,0.500000,5,20.59701829,0.324068495,FAIL
Choi_2020_C,0.750000,5,20.65559086,0.3265849312,FAIL
Choi_2020_C,1.000000,5,20.7893885,0.3323332403,FAIL
Choi_2020_C,1.250000,5,20.99474245,0.341155802,FAIL
Choi_2020_C,1.500000,5,21.16003849,0.3482573676,FAIL
Choi_2020_C,1.750000,5,21.28723027,0.3537218711,FAIL
Choi_2020_C,2.000000,5,21.35718043,0.3567271194,FAIL
Choi_2020_C,2.250000,5,21.37268068,0.3573930519,FAIL
Choi_2020_C,2.500000,5,21.38142618,0.3577687825,FAIL
Choi_2020_C,2.750000,5,21.38374638,0.3578684647,FAIL
Choi_2020_C,3.000000,5,21.33789003,0.3558983514,FAIL
Choi_2020_C,3.250000,5,21.24620671,0.3519593877,FAIL
Choi_2020_C,3.500000,5,21.11846649,0.346471322,FAIL
Choi_2020_C,3.750000,5,20.95642789,0.3395097047,FAIL
Choi_2020_C,4.000000,5,20.81129017,0.3332741954,FAIL
Choi_2020_C,4.250000,5,20.68222908,0.3277293812,FAIL
Choi_2020_C,4.500000,5,20.58199437,0.3234230268,FAIL
Choi_2020_C,4.750000,5,20.50918018,0.3202947318,FAIL
Choi_2020_C,5.000000,5,20.46693607,0.3184798106,FAIL
Choi_2020_C,5.250000,5,20.45377113,0.3179142092,FAIL
Choi_2020_C,5.500000,5,20.45475771,0.3179565951,FAIL
Choi_2020_C,5.750000,5,20.46920561,0.3185773163,FAIL
Choi_2020_C,6.000000,5,20.5024815,0.3200069387,FAIL
Choi_2020_C,6.250000,5,20.55366713,0.3222060116,FAIL
Choi_2020_C,6.500000,5,20.66241736,0.3268782161,FAIL
Choi_2020_C,6.750000,5,20.82592474,0.3339029362,FAIL
Choi_2020_C,7.000000,5,21.02049862,0.3422623571,FAIL
Choi_2020_C,7.250000,5,21.24462387,0.3518913847,FAIL
Choi_2020_C,7.500000,5,21.46981596,0.3615662469,FAIL
Choi_2020_C,7.750000,5,21.69602287,0.3712847082,FAIL
Choi_2020_C,8.000000,5,21.90819814,0.3804003326,FAIL
Choi_2020_C,8.250000,5,22.10702611,0.3889425208,FAIL
Choi_2020_C,8.500000,5,22.33219859,0.3986165401,FAIL
Choi_2020_C,8.750000,5,22.58243072,0.4093671904,FAIL
Choi_2020_C,9.000000,5,22.83548023,0.4202388827,FAIL
Choi_2020_C,9.250000,5,23.09120971,0.4312257136,FAIL
Choi_2020_C,9.500000,5,23.37350796,0.443354011,FAIL
Choi_2020_C,9.750000,5,23.68107921,0.4565681047,FAIL
Choi_2020_C,10.000000,5,23.97365003,0.4691377395,FAIL
Choi_2020_C,10.250000,5,24.251952,0.481094346,FAIL
Choi_2020_C,10.500000,5,24.5737426,0.4949193416,FAIL
Choi_2020_C,10.750000,5,24.93690085,0.510521604,FAIL
Choi_2020_C,11.000000,5,25.30336779,0.5262660162,FAIL
Choi_2020_C,11.250000,5,25.67298205,0.5421456457,FAIL
Choi_2020_C,11.500000,5,26.06061146,0.5587992549,FAIL
Choi_2020_C,11.750000,5,26.46537741,0.5761890966,FAIL
Choi_2020_C,12.000000,5,26.8504027,0.5927308258,FAIL
Choi_2020_C,12.250000,5,27.21665008,0.6084658052,FAIL
Choi_2020_C,12.500000,5,27.58003232,0.6240776904,FAIL
Choi_2020_C,12.750000,5,27.94068915,0.6395724845,FAIL
Choi_2020_C,13.000000,5,28.29577849,0.6548280841,FAIL
Choi_2020_C,13.250000,5,28.64557186,0.6698561547,FAIL
Choi_2020_C,13.500000,5,28.98430438,0.6844090215,FAIL
Choi_2020_C,13.750000,5,29.31251551,0.6985098605,FAIL
Choi_2020_C,14.000000,5,29.62771899,0.7120518554,FAIL
Choi_2020_C,14.250000,5,29.93054919,0.7250622613,FAIL
Choi_2020_C,14.500000,5,30.22163397,0.7375680518,FAIL
Choi_2020_C,14.750000,5,30.50154616,0.7495938374,FAIL
Choi_2020_C,15.000000,5,30.76478309,0.7609032088,FAIL
Choi_2020_C,15.250000,5,31.01215803,0.7715311061,FAIL
Choi_2020_C,15.500000,5,31.22644823,0.7807375936,FAIL
Choi_2020_C,15.750000,5,31.40926726,0.7885919941,FAIL
Choi_2020_C,16.000000,5,31.57417192,0.7956767452,FAIL
Choi_2020_C,16.250000,5,31.72203592,0.8020293832,FAIL
Choi_2020_C,16.500000,5,31.7906056,0.8049753222,FAIL
Choi_2020_C,16.750000,5,31.78374818,0.804680709,FAIL
Choi_2020_C,17.000000,5,31.68714595,0.8005304156,FAIL
Choi_2020_C,17.250000,5,31.50517582,0.7927124858,FAIL
Choi_2020_C,17.500000,5,31.30803658,0.7842428501,FAIL
Choi_2020_C,17.750000,5,31.09646804,0.7751532926,FAIL
Choi_2020_C,18.000000,5,30.96278945,0.7694100983,FAIL
Choi_2020_C,18.250000,5,30.90320207,0.7668500634,FAIL
Choi_2020_C,18.500000,5,30.9501339,0.7688663816,FAIL
Choi_2020_C,18.750000,5,31.09838992,0.7752358617,FAIL
Choi_2020_C,19.000000,5,31.25143735,0.781811194,FAIL
Choi_2020_C,19.250000,5,31.40904252,0.788582339,FAIL
Choi_2020_C,19.500000,5,31.56795937,0.7954098371,FAIL
Choi_2020_C,19.750000,5,31.72812392,0.80229094,FAIL
Choi_2020_C,20.000000,5,31.89549849,0.8094818049,FAIL
Choi_2020_C,20.250000,5,32.06973145,0.8169673245,FAIL
Choi_2020_C,20.500000,5,32.2504883,0.8247331284,FAIL
Choi_2020_C,20.750000,5,32.43745087,0.8327655468,FAIL
Choi_2020_C,21.000000,5,32.61978206,0.8405989887,FAIL
Choi_2020_C,21.250000,5,32.79770775,0.8482431582,FAIL
Choi_2020_C,21.500000,5,32.96846779,0.8555794719,FAIL
Choi_2020_C,21.750000,5,33.13241165,0.8626229442,FAIL
Choi_2020_C,22.000000,5,33.28236109,0.8690651784,FAIL
Choi_2020_C,22.250000,5,33.41899863,0.8749354972,FAIL
Choi_2020_C,22.500000,5,33.53243906,0.8798092051,FAIL
Choi_2020_C,22.750000,5,33.6238137,0.8837349074,FAIL
Choi_2020_C,23.000000,5,33.68971184,0.8865660697,FAIL
Choi_2020_C,23.250000,5,33.73137596,0.8883560733,FAIL
Choi_2020_C,23.500000,5,33.74850048,0.8890917891,FAIL
Choi_2020_C,23.750000,5,33.74228221,0.8888246353,FAIL
Choi_2020_C,24.000000,5,33.70932392,0.887408658,FAIL
Choi_2020_C,24.250000,5,33.65092975,0.8848998861,FAIL
Choi_2020_C,24.500000,5,33.56987648,0.881417618,FAIL
Choi_2020_C,24.750000,5,33.46726921,0.877009332,FAIL
Choi_2020_C,25.000000,5,33.36215549,0.8724933619,FAIL
Choi_2020_C,25.250000,5,33.25465756,0.8678749596,FAIL
Choi_2020_C,25.500000,5,33.15540175,0.8636106614,FAIL
Choi_2020_C,25.750000,5,33.0639861,0.8596831974,FAIL
Choi_2020_C,26.000000,5,32.98302762,0.8562050019,FAIL
Choi_2020_C,26.250000,5,32.91201632,0.8531541639,FAIL
Choi_2020_C,26.500000,5,32.84298077,0.8501882099,FAIL
Choi_2020_C,26.750000,5,32.77582463,0.847303,FAIL
Choi_2020_C,27.000000,5,32.71043184,0.8444935487,FAIL
Choi_2020_C,27.250000,5,32.64671641,0.8417561612,FAIL
Choi_2020_C,27.500000,5,32.5620889,0.8381203344,FAIL
Choi_2020_C,27.750000,5,32.45756923,0.8336298859,FAIL
Choi_2020_C,28.000000,5,32.3175943,0.8276161839,FAIL
Choi_2020_C,28.250000,5,32.14389329,0.8201535184,FAIL
Choi_2020_C,28.500000,5,31.94413422,0.8115713276,FAIL
Choi_2020_C,28.750000,5,31.71958795,0.8019242114,FAIL
Choi_2020_C,29.000000,5,31.45493013,0.7905537948,FAIL
Choi_2020_C,29.250000,5,31.15211703,0.7775441241,FAIL
Choi_2020_C,29.500000,5,30.8400528,0.7641369994,FAIL
Choi_2020_C,29.750000,5,30.51918861,0.7503518047,FAIL
Choi_2020_C,30.000000,5,30.19295303,0.7363358407,FAIL
Choi_2020_C,30.250000,5,29.86160803,0.7221003621,FAIL
Choi_2020_C,30.500000,5,29.54342353,0.7084302941,FAIL
Choi_2020_C,30.750000,5,29.23775767,0.6952980613,FAIL
Choi_2020_C,31.000000,5,28.94399993,0.682677433,FAIL
Choi_2020_C,31.250000,5,28.66156953,0.6705434581,FAIL
Choi_2020_C,31.500000,5,28.37789209,0.6583559068,FAIL
Choi_2020_C,31.750000,5,28.09302842,0.6461173921,FAIL
Choi_2020_C,32.000000,5,27.8010376,0.6335726756,FAIL
Choi_2020_C,32.250000,5,27.50226722,0.6207366909,FAIL
Choi_2020_C,32.500000,5,27.19404853,0.6074947815,FAIL
Choi_2020_C,32.750000,5,26.87684234,0.5938667445,FAIL
Choi_2020_C,33.000000,5,26.56308454,0.5803868592,FAIL
Choi_2020_C,33.250000,5,26.25260693,0.5670479004,FAIL
Choi_2020_C,33.500000,5,25.9542721,0.5542306283,FAIL
Choi_2020_C,33.750000,5,25.66748785,0.5419096,FAIL
Choi_2020_C,34.000000,5,25.38869145,0.5299317515,FAIL
Choi_2020_C,34.250000,5,25.11749332,0.5182803456,FAIL
Choi_2020_C,34.500000,5,24.84749974,0.5066806902,FAIL
Choi_2020_C,34.750000,5,24.57865196,0.4951302612,FAIL
Choi_2020_C,35.000000,5,24.31691725,0.4838854294,FAIL
Choi_2020_C,35.250000,5,24.06194872,0.4729312907,FAIL
Choi_2020_C,35.500000,5,23.82241454,0.4626402535,FAIL
Choi_2020_C,35.750000,5,23.59756197,0.4529799781,FAIL
Choi_2020_C,36.000000,5,23.38667498,0.4439197018,FAIL
Choi_2020_C,36.250000,5,23.18907246,0.4354301624,FAIL
Choi_2020_C,36.500000,5,22.98759768,0.4267742601,FAIL
Choi_2020_C,36.750000,5,22.78243949,0.4179601086,FAIL
Choi_2020_C,37.000000,5,22.56475498,0.4086077924,FAIL
Choi_2020_C,37.250000,5,22.33515506,0.398743558,FAIL
Choi_2020_C,37.500000,5,22.08673457,0.388070741,FAIL
Choi_2020_C,37.750000,5,21.8204114,0.3766287764,FAIL
Choi_2020_C,38.000000,5,21.54154557,0.3646479451,FAIL
Choi_2020_C,38.250000,5,21.25074879,0.3521545279,FAIL
Choi_2020_C,38.500000,5,20.95760111,0.3395601097,FAIL
Choi_2020_C,38.750000,5,20.66221719,0.3268696164,FAIL
Choi_2020_C,39.000000,5,20.37224114,0.31441146,FAIL
Choi_2020_C,39.250000,5,20.08740922,0.3021743092,FAIL
Choi_2020_C,39.500000,5,19.81046994,0.2902762475,FAIL
Choi_2020_C,39.750000,5,19.54103836,0.2787007371,FAIL
Choi_2020_C,40.000000,5,19.27872395,0.2674309996,FAIL
Choi_2020_C,40.250000,5,19.02317959,0.2564521221,FAIL
Choi_2020_C,40.500000,5,18.77409951,0.2457509669,FAIL
Choi_2020_C,40.750000,5,18.53116842,0.2353139894,FAIL
Choi_2020_C,41.000000,5,18.30459649,0.225579846,FAIL
Choi_2020_C,41.250000,5,18.09358589,0.216514259,FAIL
Choi_2020_C,41.500000,5,17.90037707,0.2082134847,FAIL
Choi_2020_C,41.750000,5,17.72410182,0.2006402225,FAIL
Choi_2020_C,42.000000,5,17.56842118,0.1939517605,FAIL
Choi_2020_C,42.250000,5,17.43233073,0.1881049463,FAIL
Choi_2020_C,42.500000,5,17.2998781,0.1824144227,FAIL
Choi_2020_C,42.750000,5,17.17088588,0.1768725673,FAIL
Choi_2020_C,43.000000,5,17.04218589,0.1713432674,FAIL
Choi_2020_C,43.250000,5,16.9137639,0.1658259109,FAIL
Choi_2020_C,43.500000,5,16.78860573,0.160448777,FAIL
Choi_2020_C,43.750000,5,16.66655221,0.1552050272,FAIL
Choi_2020_C,44.000000,5,16.54893942,0.1501520632,FAIL
Choi_2020_C,44.250000,5,16.43555079,0.1452805804,FAIL
Choi_2020_C,44.500000,5,16.33220346,0.1408404993,FAIL
Choi_2020_C,44.750000,5,16.23840772,0.1368107803,FAIL
Choi_2020_C,45.000000,5,16.15218585,0.133106455,FAIL
Choi_2020_C,45.250000,5,16.07316845,0.1297116536,FAIL
Choi_2020_C,45.500000,5,15.98749472,0.1260308781,FAIL
Choi_2020_C,45.750000,5,15.89548929,0.1220780755,FAIL
Choi_2020_C,46.000000,5,15.79446156,0.1177376508,FAIL
Choi_2020_C,46.250000,5,15.68485157,0.1130285086,FAIL
Choi_2020_C,46.500000,5,15.57758793,0.1084201721,FAIL
Choi_2020_C,46.750000,5,15.4725562,0.1039077248,FAIL
Choi_2020_C,47.000000,5,15.37864572,0.09987307608,FAIL
Choi_2020_C,47.250000,5,15.29531408,0.09629292334,FAIL
Choi_2020_C,47.500000,5,15.22504475,0.09327396252,FAIL
Choi_2020_C,47.750000,5,15.16720067,0.09078882396,FAIL
Choi_2020_C,48.000000,5,15.11668895,0.08861870377,FAIL
Choi_2020_C,48.250000,5,15.073152,0.08674823832,FAIL
Choi_2020_C,48.500000,5,15.03025086,0.08490508941,FAIL
Choi_2020_C,48.750000,5,14.98795454,0.0830879248,FAIL
Choi_2020_C,49.000000,5,14.93269969,0.08071402701,FAIL
Choi_2020_C,49.250000,5,14.86511832,0.07781054826,FAIL
Choi_2020_C,49.500000,5,14.78881099,0.07453217844,FAIL
Choi_2020_C,49.750000,5,14.70420326,0.0708972012,FAIL
Choi_2020_C,50.000000,5,14.62672128,0.06756836583,FAIL
Choi_2020_C,50.250000,5,14.55601754,0.06453074161,FAIL
Choi_2020_C,50.500000,5,14.50678279,0.06241548334,FAIL
Choi_2020_C,50.750000,5,14.47796997,0.0611776067,FAIL
Choi_2020_C,51.000000,5,14.4685831,0.06077432129,FAIL
Choi_2020_C,51.250000,5,14.47767476,0.0611649236,FAIL
Choi_2020_C,51.500000,5,14.50585563,0.06237565007,FAIL
Choi_2020_C,51.750000,5,14.55219472,0.06436650278,FAIL
Choi_2020_C,52.000000,5,14.59776133,0.0663241676,FAIL
Choi_2020_C,52.250000,5,14.64259312,0.06825026311,FAIL
Choi_2020_C,52.500000,5,14.67772778,0.06975974317,FAIL
Choi_2020_C,52.750000,5,14.70363823,0.07087292636,FAIL
Choi_2020_C,53.000000,5,14.72379813,0.07173904989,FAIL
Choi_2020_C,53.250000,5,14.73848791,0.072370163,FAIL
Choi_2020_C,53.500000,5,14.75246127,0.07297049636,FAIL
Choi_2020_C,53.750000,5,14.76575314,0.07354155112,FAIL
Choi_2020_C,54.000000,5,14.77388548,0.07389093848,FAIL
