time_min,c_true,c_measured_device_A,c_measured_device_B,lod_au
0.00,0.300000,0.300000,0.300000,0.10
0.25,0.300000,0.300000,0.300000,0.10
0.50,0.300000,0.300000,0.300000,0.10
0.75,0.300000,0.300000,0.300000,0.10
1.00,0.300000,0.300000,0.300000,0.10
1.25,0.300000,0.300000,0.300000,0.10
1.50,0.300000,0.300000,0.300000,0.10
1.75,0.300000,0.300000,0.300000,0.10
2.00,0.300000,0.300000,0.300000,0.10
2.25,0.300000,0.300000,0.300000,0.10
2.50,0.300000,0.300000,0.300000,0.10
2.75,0.300000,0.300000,0.300000,0.10
3.00,0.300000,0.300000,0.300000,0.10
3.25,0.300000,0.300000,0.300000,0.10
3.50,0.300000,0.300000,0.300000,0.10
3.75,0.300000,0.300000,0.300000,0.10
4.00,0.300000,0.300000,0.300000,0.10
4.25,0.300000,0.300000,0.300000,0.10
4.50,0.300000,0.300000,0.300000,0.10
4.75,0.300000,0.300000,0.300000,0.10
5.00,0.300000,0.300000,0.300000,0.10
5.25,0.300000,0.300000,0.300000,0.10
5.50,0.300000,0.300000,0.300000,0.10
5.75,0.300000,0.300000,0.300000,0.10
6.00,0.300000,0.300000,0.300000,0.10
6.25,0.300000,0.300000,0.300000,0.10
6.50,0.300000,0.300000,0.300000,0.10
6.75,0.300000,0.300000,0.300000,0.10
7.00,0.300000,0.300000,0.300000,0.10
7.25,0.300000,0.300000,0.300000,0.10
7.50,0.300000,0.300000,0.300000,0.10
7.75,0.300000,0.300000,0.300000,0.10
8.00,0.300000,0.300000,0.300000,0.10
8.25,0.300000,0.300000,0.300000,0.10
8.50,0.300000,0.300000,0.300000,0.10
8.75,0.300000,0.300000,0.300000,0.10
9.00,0.300000,0.300000,0.300000,0.10
9.25,0.300000,0.300000,0.300000,0.10
9.50,0.300000,0.300000,0.300000,0.10
9.75,0.300000,0.300000,0.300000,0.10
10.00,0.300000,0.300000,0.300000,0.10
10.25,0.300000,0.300000,0.300000,0.10
10.50,0.300000,0.300000,0.300000,0.10
10.75,0.300000,0.300000,0.300000,0.10
11.00,0.300000,0.300000,0.300000,0.10
11.25,0.300000,0.300000,0.300000,0.10
11.50,0.300000,0.300000,0.300000,0.10
11.75,0.300000,0.300000,0.300000,0.10
12.00,0.300000,0.300000,0.300000,0.10
12.25,0.300000,0.300000,0.300000,0.10
12.50,0.300000,0.300000,0.300000,0.10
12.75,0.300000,0.300000,0.300000,0.10
13.00,0.300000,0.300000,0.300000,0.10
13.25,0.300000,0.300000,0.300000,0.10
13.50,0.300000,0.300000,0.300000,0.10
13.75,0.300000,0.300000,0.300000,0.10
14.00,0.300000,0.300000,0.300000,0.10
14.25,0.300000,0.300000,0.300000,0.10
14.50,0.300000,0.300000,0.300000,0.10
14.75,0.300000,0.300000,0.300000,0.10
15.00,0.300000,0.300000,0.300000,0.10
15.25,0.300000,0.300000,0.300000,0.10
15.50,0.300000,0.300000,0.300000,0.10
15.75,0.300000,0.300000,0.300000,0.10
16.00,0.300000,0.300000,0.300000,0.10
16.25,0.300001,0.300000,0.300000,0.10
16.50,0.300001,0.300000,0.300000,0.10
16.75,0.300001,0.300000,0.300000,0.10
17.00,0.300001,0.300000,0.300000,0.10
17.25,0.300001,0.300000,0.300000,0.10
17.50,0.300001,0.300000,0.300000,0.10
17.75,0.300001,0.300000,0.300000,0.10
18.00,0.300001,0.300000,0.300000,0.10
18.25,0.300001,0.300000,0.300000,0.10
18.50,0.300001,0.300000,0.300000,0.10
18.75,0.300001,0.300000,0.300000,0.10
19.00,0.300002,0.300001,0.300000,0.10
19.25,0.300002,0.300001,0.300000,0.10
19.50,0.300002,0.300001,0.300000,0.10
19.75,0.300002,0.300001,0.300000,0.10
20.00,0.300002,0.300001,0.300000,0.10
20.25,0.300003,0.300001,0.300000,0.10
20.50,0.300003,0.300001,0.300000,0.10
20.75,0.300003,0.300001,0.300000,0.10
21.00,0.300003,0.300001,0.300000,0.10
21.25,0.300004,0.300001,0.300000,0.10
21.50,0.300004,0.300001,0.300000,0.10
21.75,0.300005,0.300002,0.300000,0.10
22.00,0.300005,0.300002,0.300001,0.10
22.25,0.300006,0.300002,0.300001,0.10
22.50,0.300006,0.300002,0.300001,0.10
22.75,0.300007,0.300002,0.300001,0.10
23.00,0.300007,0.300003,0.300001,0.10
23.25,0.300008,0.300003,0.300001,0.10
23.50,0.300009,0.300003,0.300001,0.10
23.75,0.300010,0.300004,0.300001,0.10
24.00,0.300011,0.300004,0.300001,0.10
24.25,0.300012,0.300004,0.300001,0.10
24.50,0.300013,0.300005,0.300001,0.10
24.75,0.300014,0.300005,0.300001,0.10
25.00,0.300015,0.300006,0.300002,0.10
25.25,0.300017,0.300006,0.300002,0.10
25.50,0.300018,0.300007,0.300002,0.10
25.75,0.300020,0.300008,0.300002,0.10
26.00,0.300022,0.300008,0.300002,0.10
26.25,0.300024,0.300009,0.300003,0.10
26.50,0.300026,0.300010,0.300003,0.10
26.75,0.300029,0.300011,0.300003,0.10
27.00,0.300031,0.300012,0.300003,0.10
27.25,0.300034,0.300013,0.300004,0.10
27.50,0.300037,0.300014,0.300004,0.10
27.75,0.300041,0.300016,0.300005,0.10
28.00,0.300045,0.300017,0.300005,0.10
28.25,0.300049,0.300019,0.300005,0.10
28.50,0.300053,0.300021,0.300006,0.10
28.75,0.300058,0.300023,0.300007,0.10
29.00,0.300063,0.300025,0.300007,0.10
29.25,0.300068,0.300027,0.300008,0.10
29.50,0.300074,0.300029,0.300009,0.10
29.75,0.300081,0.300032,0.300009,0.10
30.00,0.300088,0.300035,0.300010,0.10
30.25,0.300095,0.300038,0.300011,0.10
30.50,0.300104,0.300042,0.300012,0.10
30.75,0.300112,0.300045,0.300013,0.10
31.00,0.300122,0.300049,0.300015,0.10
31.25,0.300132,0.300054,0.300016,0.10
31.50,0.300144,0.300059,0.300017,0.10
31.75,0.300156,0.300064,0.300019,0.10
32.00,0.300169,0.300069,0.300021,0.10
32.25,0.300183,0.300075,0.300022,0.10
32.50,0.300198,0.300082,0.300024,0.10
32.75,0.300214,0.300089,0.300026,0.10
33.00,0.300232,0.300097,0.300029,0.10
33.25,0.300250,0.300105,0.300031,0.10
33.50,0.300271,0.300114,0.300034,0.10
33.75,0.300293,0.300123,0.300037,0.10
34.00,0.300316,0.300134,0.300040,0.10
34.25,0.300341,0.300145,0.300043,0.10
34.50,0.300368,0.300157,0.300047,0.10
34.75,0.300398,0.300170,0.300051,0.10
35.00,0.300429,0.300184,0.300055,0.10
35.25,0.300462,0.300199,0.300060,0.10
35.50,0.300498,0.300216,0.300065,0.10
35.75,0.300537,0.300233,0.300070,0.10
36.00,0.300578,0.300252,0.300076,0.10
36.25,0.300622,0.300273,0.300082,0.10
36.50,0.300670,0.300294,0.300089,0.10
36.75,0.300721,0.300318,0.300096,0.10
37.00,0.300775,0.300343,0.300104,0.10
37.25,0.300833,0.300370,0.300113,0.10
37.50,0.300895,0.300399,0.300122,0.10
37.75,0.300961,0.300430,0.300131,0.10
38.00,0.301032,0.300464,0.300142,0.10
38.25,0.301107,0.300500,0.300153,0.10
38.50,0.301188,0.300538,0.300165,0.10
38.75,0.301274,0.300579,0.300178,0.10
39.00,0.301366,0.300623,0.300192,0.10
39.25,0.301464,0.300671,0.300207,0.10
39.50,0.301568,0.300721,0.300222,0.10
39.75,0.301679,0.300775,0.300239,0.10
40.00,0.301797,0.300833,0.300258,0.10
40.25,0.301922,0.300894,0.300277,0.10
40.50,0.302056,0.300960,0.300298,0.10
40.75,0.302198,0.301030,0.300320,0.10
41.00,0.302349,0.301105,0.300344,0.10
41.25,0.302510,0.301185,0.300370,0.10
41.50,0.302680,0.301271,0.300397,0.10
41.75,0.302861,0.301362,0.300426,0.10
42.00,0.303053,0.301459,0.300457,0.10
42.25,0.303256,0.301562,0.300490,0.10
42.50,0.303472,0.301672,0.300526,0.10
42.75,0.303700,0.301789,0.300564,0.10
43.00,0.303942,0.301913,0.300604,0.10
43.25,0.304198,0.302045,0.300647,0.10
43.50,0.304469,0.302186,0.300692,0.10
43.75,0.304756,0.302335,0.300741,0.10
44.00,0.305060,0.302493,0.300793,0.10
44.25,0.305380,0.302662,0.300848,0.10
44.50,0.305719,0.302840,0.300906,0.10
44.75,0.306076,0.303030,0.300968,0.10
45.00,0.306454,0.303230,0.301034,0.10
45.25,0.306852,0.303443,0.301104,0.10
45.50,0.307272,0.303668,0.301179,0.10
45.75,0.307715,0.303907,0.301258,0.10
46.00,0.308182,0.304160,0.301342,0.10
46.25,0.308674,0.304427,0.301431,0.10
46.50,0.309191,0.304709,0.301525,0.10
46.75,0.309736,0.305008,0.301625,0.10
47.00,0.310309,0.305324,0.301731,0.10
47.25,0.310912,0.305657,0.301843,0.10
47.50,0.311545,0.306009,0.301962,0.10
47.75,0.312210,0.306380,0.302087,0.10
48.00,0.312909,0.306772,0.302220,0.10
48.25,0.313643,0.307185,0.302360,0.10
48.50,0.314412,0.307620,0.302508,0.10
48.75,0.315220,0.308079,0.302665,0.10
49.00,0.316066,0.308562,0.302830,0.10
49.25,0.316953,0.309070,0.303004,0.10
49.50,0.317882,0.309605,0.303188,0.10
49.75,0.318854,0.310167,0.303382,0.10
50.00,0.319872,0.310759,0.303587,0.10
50.25,0.320936,0.311380,0.303802,0.10
50.50,0.322049,0.312033,0.304029,0.10
50.75,0.323213,0.312718,0.304269,0.10
51.00,0.324428,0.313438,0.304520,0.10
51.25,0.325697,0.314192,0.304785,0.10
51.50,0.327022,0.314983,0.305063,0.10
51.75,0.328404,0.315812,0.305356,0.10
52.00,0.329845,0.316681,0.305663,0.10
52.25,0.331347,0.317591,0.305986,0.10
52.50,0.332912,0.318543,0.306325,0.10
52.75,0.334542,0.319540,0.306681,0.10
53.00,0.336238,0.320582,0.307055,0.10
53.25,0.338004,0.321671,0.307446,0.10
53.50,0.339840,0.322809,0.307857,0.10
53.75,0.341748,0.323999,0.308287,0.10
54.00,0.343731,0.325240,0.308738,0.10
54.25,0.345791,0.326535,0.309209,0.10
54.50,0.347930,0.327887,0.309703,0.10
54.75,0.350148,0.329296,0.310220,0.10
55.00,0.352450,0.330764,0.310760,0.10
55.25,0.354836,0.332294,0.311324,0.10
55.50,0.357308,0.333887,0.311914,0.10
55.75,0.359868,0.335545,0.312531,0.10
56.00,0.362519,0.337270,0.313174,0.10
56.25,0.365263,0.339064,0.313846,0.10
56.50,0.368100,0.340928,0.314546,0.10
56.75,0.371034,0.342865,0.315277,0.10
57.00,0.374065,0.344877,0.316038,0.10
57.25,0.377196,0.346965,0.316831,0.10
57.50,0.380428,0.349132,0.317658,0.10
57.75,0.383763,0.351379,0.318518,0.10
58.00,0.387203,0.353708,0.319413,0.10
58.25,0.390749,0.356122,0.320345,0.10
58.50,0.394404,0.358621,0.321313,0.10
58.75,0.398167,0.361209,0.322320,0.10
59.00,0.402041,0.363886,0.323365,0.10
59.25,0.406028,0.366656,0.324452,0.10
59.50,0.410127,0.369518,0.325579,0.10
59.75,0.414341,0.372477,0.326749,0.10
60.00,0.418671,0.375532,0.327963,0.10
60.25,0.423117,0.378686,0.329221,0.10
60.50,0.427680,0.381941,0.330526,0.10
60.75,0.432362,0.385297,0.331877,0.10
61.00,0.437162,0.388758,0.333276,0.10
61.25,0.442082,0.392323,0.334724,0.10
61.50,0.447122,0.395995,0.336223,0.10
61.75,0.452282,0.399776,0.337773,0.10
62.00,0.457561,0.403665,0.339376,0.10
62.25,0.462962,0.407666,0.341032,0.10
62.50,0.468482,0.411778,0.342742,0.10
62.75,0.474123,0.416003,0.344509,0.10
63.00,0.479883,0.420342,0.346332,0.10
63.25,0.485761,0.424795,0.348213,0.10
63.50,0.491759,0.429365,0.350152,0.10
63.75,0.497873,0.434050,0.352152,0.10
64.00,0.504104,0.438852,0.354212,0.10
64.25,0.510450,0.443772,0.356334,0.10
64.50,0.516910,0.448809,0.358519,0.10
64.75,0.523482,0.453964,0.360767,0.10
65.00,0.530164,0.459237,0.363079,0.10
65.25,0.536955,0.464627,0.365457,0.10
65.50,0.543853,0.470136,0.367901,0.10
65.75,0.550855,0.475762,0.370411,0.10
66.00,0.557958,0.481505,0.372989,0.10
66.25,0.565160,0.487364,0.375635,0.10
66.50,0.572458,0.493339,0.378351,0.10
66.75,0.579850,0.499428,0.381135,0.10
67.00,0.587331,0.505630,0.383989,0.10
67.25,0.594899,0.511945,0.386914,0.10
67.50,0.602549,0.518371,0.389910,0.10
67.75,0.610279,0.524906,0.392977,0.10
68.00,0.618083,0.531549,0.396115,0.10
68.25,0.625958,0.538296,0.399325,0.10
68.50,0.633900,0.545148,0.402608,0.10
68.75,0.641903,0.552100,0.405962,0.10
69.00,0.649963,0.559150,0.409389,0.10
69.25,0.658075,0.566297,0.412888,0.10
69.50,0.666234,0.573537,0.416459,0.10
69.75,0.674435,0.580866,0.420102,0.10
70.00,0.682673,0.588282,0.423816,0.10
70.25,0.690940,0.595781,0.427603,0.10
70.50,0.699233,0.603360,0.431460,0.10
70.75,0.707545,0.611015,0.435388,0.10
71.00,0.715869,0.618742,0.439386,0.10
71.25,0.724200,0.626536,0.443454,0.10
71.50,0.732531,0.634394,0.447591,0.10
71.75,0.740856,0.642310,0.451796,0.10
72.00,0.749169,0.650281,0.456067,0.10
72.25,0.757461,0.658300,0.460406,0.10
72.50,0.765728,0.666365,0.464809,0.10
72.75,0.773961,0.674468,0.469276,0.10
73.00,0.782154,0.682604,0.473807,0.10
73.25,0.790300,0.690769,0.478399,0.10
73.50,0.798392,0.698957,0.483051,0.10
73.75,0.806422,0.707160,0.487761,0.10
74.00,0.814383,0.715375,0.492529,0.10
74.25,0.822268,0.723594,0.497353,0.10
74.50,0.830070,0.731812,0.502230,0.10
74.75,0.837781,0.740021,0.507159,0.10
75.00,0.845394,0.748217,0.512138,0.10
75.25,0.852903,0.756391,0.517165,0.10
75.50,0.860298,0.764537,0.522238,0.10
75.75,0.867574,0.772650,0.527355,0.10
76.00,0.874723,0.780721,0.532513,0.10
76.25,0.881738,0.788743,0.537710,0.10
76.50,0.888612,0.796711,0.542944,0.10
76.75,0.895338,0.804617,0.548212,0.10
77.00,0.901908,0.812454,0.553512,0.10
77.25,0.908317,0.820215,0.558840,0.10
77.50,0.914558,0.827892,0.564195,0.10
77.75,0.920623,0.835480,0.569574,0.10
78.00,0.926507,0.842969,0.574973,0.10
78.25,0.932203,0.850355,0.580389,0.10
78.50,0.937705,0.857628,0.585821,0.10
78.75,0.943008,0.864783,0.591263,0.10
79.00,0.948105,0.871813,0.596715,0.10
79.25,0.952990,0.878710,0.602172,0.10
79.50,0.957660,0.885467,0.607631,0.10
79.75,0.962107,0.892078,0.613088,0.10
80.00,0.966328,0.898537,0.618542,0.10
80.25,0.970318,0.904836,0.623988,0.10
80.50,0.974072,0.910969,0.629422,0.10
80.75,0.977586,0.916929,0.634842,0.10
81.00,0.980856,0.922711,0.640245,0.10
81.25,0.983878,0.928309,0.645626,0.10
81.50,0.986649,0.933716,0.650982,0.10
81.75,0.989166,0.938926,0.656309,0.10
82.00,0.991426,0.943935,0.661605,0.10
82.25,0.993426,0.948736,0.666866,0.10
82.50,0.995164,0.953325,0.672088,0.10
82.75,0.996638,0.957696,0.677268,0.10
83.00,0.997847,0.961845,0.682402,0.10
83.25,0.998788,0.965767,0.687487,0.10
83.50,0.999461,0.969458,0.692519,0.10
83.75,0.999865,0.972914,0.697495,0.10
84.00,1.000000,0.976131,0.702411,0.10
84.25,0.999865,0.979105,0.707265,0.10
84.50,0.999461,0.981833,0.712052,0.10
84.75,0.998788,0.984312,0.716770,0.10
85.00,0.997847,0.986539,0.721415,0.10
85.25,0.996638,0.988512,0.725984,0.10
85.50,0.995164,0.990229,0.730474,0.10
85.75,0.993426,0.991687,0.734882,0.10
86.00,0.991426,0.992884,0.739204,0.10
86.25,0.989166,0.993820,0.743438,0.10
86.50,0.986649,0.994494,0.747581,0.10
86.75,0.983878,0.994905,0.751630,0.10
87.00,0.980856,0.995051,0.755582,0.10
87.25,0.977586,0.994934,0.759434,0.10
87.50,0.974072,0.994553,0.763185,0.10
87.75,0.970318,0.993908,0.766831,0.10
88.00,0.966328,0.993001,0.770369,0.10
88.25,0.962107,0.991833,0.773799,0.10
88.50,0.957660,0.990404,0.777117,0.10
88.75,0.952990,0.988717,0.780322,0.10
89.00,0.948105,0.986773,0.783410,0.10
89.25,0.943008,0.984574,0.786381,0.10
89.50,0.937705,0.982124,0.789233,0.10
89.75,0.932203,0.979424,0.791963,0.10
90.00,0.926507,0.976478,0.794571,0.10
90.25,0.920623,0.973290,0.797054,0.10
90.50,0.914558,0.969862,0.799412,0.10
90.75,0.908317,0.966198,0.801643,0.10
91.00,0.901908,0.962304,0.803745,0.10
91.25,0.895338,0.958182,0.805719,0.10
91.50,0.888612,0.953837,0.807562,0.10
91.75,0.881738,0.949275,0.809275,0.10
92.00,0.874723,0.944500,0.810856,0.10
92.25,0.867574,0.939518,0.812306,0.10
92.50,0.860298,0.934333,0.813622,0.10
92.75,0.852903,0.928951,0.814806,0.10
93.00,0.845394,0.923379,0.815857,0.10
93.25,0.837781,0.917622,0.816775,0.10
93.50,0.830070,0.911685,0.817560,0.10
93.75,0.822268,0.905576,0.818212,0.10
94.00,0.814383,0.899301,0.818731,0.10
94.25,0.806422,0.892865,0.819118,0.10
94.50,0.798392,0.886276,0.819373,0.10
94.75,0.790300,0.879541,0.819497,0.10
95.00,0.782154,0.872666,0.819490,0.10
95.25,0.773961,0.865657,0.819354,0.10
95.50,0.765728,0.858523,0.819089,0.10
95.75,0.757461,0.851269,0.818697,0.10
96.00,0.749169,0.843904,0.818177,0.10
96.25,0.740856,0.836433,0.817533,0.10
96.50,0.732531,0.828864,0.816764,0.10
96.75,0.724200,0.821204,0.815873,0.10
97.00,0.715869,0.813461,0.814861,0.10
97.25,0.707545,0.805641,0.813729,0.10
97.50,0.699233,0.797751,0.812479,0.10
97.75,0.690940,0.789798,0.811113,0.10
98.00,0.682673,0.781790,0.809633,0.10
98.25,0.674435,0.773733,0.808041,0.10
98.50,0.666234,0.765635,0.806338,0.10
98.75,0.658075,0.757501,0.804527,0.10
99.00,0.649963,0.749339,0.802610,0.10
99.25,0.641903,0.741155,0.800589,0.10
99.50,0.633900,0.732956,0.798466,0.10
99.75,0.625958,0.724749,0.796243,0.10
100.00,0.618083,0.716539,0.793923,0.10
100.25,0.610279,0.708334,0.791509,0.10
100.50,0.602549,0.700138,0.789002,0.10
100.75,0.594899,0.691958,0.786405,0.10
101.00,0.587331,0.683800,0.783721,0.10
101.25,0.579850,0.675669,0.780952,0.10
101.50,0.572458,0.667571,0.778101,0.10
101.75,0.565160,0.659511,0.775171,0.10
102.00,0.557958,0.651495,0.772163,0.10
102.25,0.550855,0.643528,0.769081,0.10
102.50,0.543853,0.635614,0.765927,0.10
102.75,0.536955,0.627758,0.762704,0.10
103.00,0.530164,0.619965,0.759414,0.10
103.25,0.523482,0.612239,0.756061,0.10
103.50,0.516910,0.604584,0.752647,0.10
103.75,0.510450,0.597004,0.749174,0.10
104.00,0.504104,0.589503,0.745645,0.10
104.25,0.497873,0.582084,0.742064,0.10
104.50,0.491759,0.574752,0.738432,0.10
104.75,0.485761,0.567509,0.734753,0.10
105.00,0.479883,0.560358,0.731028,0.10
105.25,0.474123,0.553303,0.727261,0.10
105.50,0.468482,0.546345,0.723453,0.10
105.75,0.462962,0.539488,0.719609,0.10
106.00,0.457561,0.532733,0.715730,0.10
106.25,0.452282,0.526084,0.711818,0.10
106.50,0.447122,0.519541,0.707876,0.10
106.75,0.442082,0.513107,0.703908,0.10
107.00,0.437162,0.506783,0.699914,0.10
107.25,0.432362,0.500571,0.695897,0.10
107.50,0.427680,0.494472,0.691861,0.10
107.75,0.423117,0.488487,0.687806,0.10
108.00,0.418671,0.482617,0.683736,0.10
108.25,0.414341,0.476863,0.679652,0.10
108.50,0.410127,0.471225,0.675557,0.10
108.75,0.406028,0.465704,0.671453,0.10
109.00,0.402041,0.460301,0.667342,0.10
109.25,0.398167,0.455015,0.663225,0.10
109.50,0.394404,0.449847,0.659106,0.10
109.75,0.390749,0.444796,0.654985,0.10
110.00,0.387203,0.439863,0.650866,0.10
110.25,0.383763,0.435047,0.646749,0.10
110.50,0.380428,0.430347,0.642636,0.10
110.75,0.377196,0.425763,0.638530,0.10
111.00,0.374065,0.421294,0.634431,0.10
111.25,0.371034,0.416940,0.630342,0.10
111.50,0.368100,0.412700,0.626264,0.10
111.75,0.365263,0.408572,0.622199,0.10
112.00,0.362519,0.404556,0.618147,0.10
112.25,0.359868,0.400651,0.614111,0.10
112.50,0.357308,0.396854,0.610093,0.10
112.75,0.354836,0.393166,0.606092,0.10
113.00,0.352450,0.389584,0.602110,0.10
113.25,0.350148,0.386108,0.598150,0.10
113.50,0.347930,0.382735,0.594211,0.10
113.75,0.345791,0.379464,0.590295,0.10
114.00,0.343731,0.376293,0.586403,0.10
114.25,0.341748,0.373222,0.582537,0.10
114.50,0.339840,0.370247,0.578696,0.10
114.75,0.338004,0.367368,0.574882,0.10
115.00,0.336238,0.364582,0.571097,0.10
115.25,0.334542,0.361889,0.567339,0.10
115.50,0.332912,0.359285,0.563612,0.10
115.75,0.331347,0.356769,0.559914,0.10
116.00,0.329845,0.354339,0.556247,0.10
116.25,0.328404,0.351994,0.552612,0.10
116.50,0.327022,0.349731,0.549009,0.10
116.75,0.325697,0.347549,0.545438,0.10
117.00,0.324428,0.345446,0.541901,0.10
117.25,0.323213,0.343419,0.538398,0.10
117.50,0.322049,0.341466,0.534928,0.10
117.75,0.320936,0.339587,0.531493,0.10
118.00,0.319872,0.337778,0.528093,0.10
118.25,0.318854,0.336039,0.524729,0.10
118.50,0.317882,0.334366,0.521400,0.10
118.75,0.316953,0.332759,0.518106,0.10
119.00,0.316066,0.331215,0.514849,0.10
119.25,0.315220,0.329733,0.511628,0.10
119.50,0.314412,0.328310,0.508443,0.10
119.75,0.313643,0.326946,0.505295,0.10
120.00,0.312909,0.325637,0.502184,0.10
120.25,0.312210,0.324383,0.499109,0.10
120.50,0.311545,0.323181,0.496071,0.10
120.75,0.310912,0.322031,0.493071,0.10
121.00,0.310309,0.320929,0.490106,0.10
121.25,0.309736,0.319875,0.487179,0.10
121.50,0.309191,0.318867,0.484289,0.10
121.75,0.308674,0.317903,0.481435,0.10
122.00,0.308182,0.316983,0.478618,0.10
122.25,0.307715,0.316103,0.475838,0.10
122.50,0.307272,0.315263,0.473094,0.10
122.75,0.306852,0.314462,0.470386,0.10
123.00,0.306454,0.313697,0.467714,0.10
123.25,0.306076,0.312968,0.465079,0.10
123.50,0.305719,0.312274,0.462479,0.10
123.75,0.305380,0.311612,0.459915,0.10
124.00,0.305060,0.310981,0.457387,0.10
124.25,0.304756,0.310381,0.454893,0.10
124.50,0.304469,0.309810,0.452434,0.10
124.75,0.304198,0.309267,0.450011,0.10
125.00,0.303942,0.308751,0.447621,0.10
125.25,0.303700,0.308260,0.445266,0.10
125.50,0.303472,0.307794,0.442945,0.10
125.75,0.303256,0.307351,0.440657,0.10
126.00,0.303053,0.306931,0.438402,0.10
126.25,0.302861,0.306533,0.436181,0.10
126.50,0.302680,0.306155,0.433992,0.10
126.75,0.302510,0.305797,0.431835,0.10
127.00,0.302349,0.305457,0.429711,0.10
127.25,0.302198,0.305136,0.427618,0.10
127.50,0.302056,0.304831,0.425557,0.10
127.75,0.301922,0.304543,0.423527,0.10
128.00,0.301797,0.304271,0.421527,0.10
128.25,0.301679,0.304013,0.419558,0.10
128.50,0.301568,0.303770,0.417619,0.10
128.75,0.301464,0.303539,0.415710,0.10
129.00,0.301366,0.303322,0.413829,0.10
129.25,0.301274,0.303117,0.411978,0.10
129.50,0.301188,0.302923,0.410156,0.10
129.75,0.301107,0.302741,0.408361,0.10
130.00,0.301032,0.302569,0.406595,0.10
130.25,0.300961,0.302407,0.404856,0.10
130.50,0.300895,0.302254,0.403145,0.10
130.75,0.300833,0.302110,0.401460,0.10
131.00,0.300775,0.301974,0.399802,0.10
131.25,0.300721,0.301847,0.398169,0.10
131.50,0.300670,0.301727,0.396563,0.10
131.75,0.300622,0.301614,0.394982,0.10
132.00,0.300578,0.301508,0.393426,0.10
132.25,0.300537,0.301409,0.391895,0.10
132.50,0.300498,0.301315,0.390389,0.10
132.75,0.300462,0.301228,0.388906,0.10
133.00,0.300429,0.301145,0.387447,0.10
133.25,0.300398,0.301068,0.386012,0.10
133.50,0.300368,0.300996,0.384599,0.10
133.75,0.300341,0.300928,0.383209,0.10
134.00,0.300316,0.300864,0.381842,0.10
134.25,0.300293,0.300805,0.380496,0.10
134.50,0.300271,0.300749,0.379173,0.10
134.75,0.300250,0.300697,0.377870,0.10
135.00,0.300232,0.300649,0.376589,0.10
135.25,0.300214,0.300603,0.375328,0.10
135.50,0.300198,0.300561,0.374088,0.10
135.75,0.300183,0.300521,0.372868,0.10
136.00,0.300169,0.300484,0.371668,0.10
136.25,0.300156,0.300449,0.370488,0.10
136.50,0.300144,0.300417,0.369326,0.10
136.75,0.300132,0.300387,0.368184,0.10
137.00,0.300122,0.300359,0.367060,0.10
137.25,0.300112,0.300332,0.365954,0.10
137.50,0.300104,0.300308,0.364867,0.10
137.75,0.300095,0.300285,0.363797,0.10
138.00,0.300088,0.300264,0.362745,0.10
138.25,0.300081,0.300245,0.361710,0.10
138.50,0.300074,0.300226,0.360692,0.10
138.75,0.300068,0.300209,0.359691,0.10
139.00,0.300063,0.300194,0.358706,0.10
139.25,0.300058,0.300179,0.357737,0.10
139.50,0.300053,0.300165,0.356784,0.10
139.75,0.300049,0.300153,0.355847,0.10
140.00,0.300045,0.300141,0.354925,0.10
140.25,0.300041,0.300130,0.354018,0.10
140.50,0.300037,0.300120,0.353126,0.10
140.75,0.300034,0.300111,0.352249,0.10
141.00,0.300031,0.300102,0.351386,0.10
141.25,0.300029,0.300094,0.350538,0.10
141.50,0.300026,0.300087,0.349703,0.10
141.75,0.300024,0.300080,0.348882,0.10
142.00,0.300022,0.300073,0.348075,0.10
142.25,0.300020,0.300067,0.347281,0.10
142.50,0.300018,0.300062,0.346500,0.10
142.75,0.300017,0.300057,0.345732,0.10
143.00,0.300015,0.300052,0.344976,0.10
143.25,0.300014,0.300048,0.344233,0.10
143.50,0.300013,0.300044,0.343502,0.10
143.75,0.300012,0.300041,0.342784,0.10
144.00,0.300011,0.300037,0.342077,0.10
144.25,0.300010,0.300034,0.341382,0.10
144.50,0.300009,0.300031,0.340698,0.10
144.75,0.300008,0.300029,0.340025,0.10
145.00,0.300007,0.300026,0.339364,0.10
145.25,0.300007,0.300024,0.338714,0.10
145.50,0.300006,0.300022,0.338074,0.10
145.75,0.300006,0.300020,0.337445,0.10
146.00,0.300005,0.300019,0.336826,0.10
146.25,0.300005,0.300017,0.336217,0.10
146.50,0.300004,0.300015,0.335619,0.10
146.75,0.300004,0.300014,0.335030,0.10
147.00,0.300003,0.300013,0.334451,0.10
147.25,0.300003,0.300012,0.333882,0.10
147.50,0.300003,0.300011,0.333322,0.10
147.75,0.300003,0.300010,0.332771,0.10
148.00,0.300002,0.300009,0.332230,0.10
148.25,0.300002,0.300008,0.331697,0.10
148.50,0.300002,0.300007,0.331173,0.10
148.75,0.300002,0.300007,0.330658,0.10
149.00,0.300002,0.300006,0.330151,0.10
149.25,0.300001,0.300006,0.329653,0.10
149.50,0.300001,0.300005,0.329163,0.10
149.75,0.300001,0.300005,0.328681,0.10
150.00,0.300001,0.300004,0.328207,0.10
150.25,0.300001,0.300004,0.327741,0.10
150.50,0.300001,0.300004,0.327282,0.10
150.75,0.300001,0.300003,0.326831,0.10
151.00,0.300001,0.300003,0.326388,0.10
151.25,0.300001,0.300003,0.325952,0.10
151.50,0.300001,0.300002,0.325523,0.10
151.75,0.300001,0.300002,0.325101,0.10
152.00,0.300000,0.300002,0.324686,0.10
152.25,0.300000,0.300002,0.324278,0.10
152.50,0.300000,0.300002,0.323877,0.10
152.75,0.300000,0.300001,0.323482,0.10
153.00,0.300000,0.300001,0.323094,0.10
153.25,0.300000,0.300001,0.322712,0.10
153.50,0.300000,0.300001,0.322337,0.10
153.75,0.300000,0.300001,0.321968,0.10
154.00,0.300000,0.300001,0.321605,0.10
154.25,0.300000,0.300001,0.321248,0.10
154.50,0.300000,0.300001,0.320896,0.10
154.75,0.300000,0.300001,0.320551,0.10
155.00,0.300000,0.300001,0.320211,0.10
155.25,0.300000,0.300001,0.319877,0.10
155.50,0.300000,0.300000,0.319549,0.10
155.75,0.300000,0.300000,0.319226,0.10
156.00,0.300000,0.300000,0.318908,0.10
156.25,0.300000,0.300000,0.318595,0.10
156.50,0.300000,0.300000,0.318288,0.10
156.75,0.300000,0.300000,0.317986,0.10
157.00,0.300000,0.300000,0.317689,0.10
157.25,0.300000,0.300000,0.317396,0.10
157.50,0.300000,0.300000,0.317109,0.10
157.75,0.300000,0.300000,0.316826,0.10
158.00,0.300000,0.300000,0.316548,0.10
158.25,0.300000,0.300000,0.316274,0.10
158.50,0.300000,0.300000,0.316005,0.10
158.75,0.300000,0.300000,0.315741,0.10
159.00,0.300000,0.300000,0.315481,0.10
159.25,0.300000,0.300000,0.315225,0.10
159.50,0.300000,0.300000,0.314973,0.10
159.75,0.300000,0.300000,0.314726,0.10
160.00,0.300000,0.300000,0.314482,0.10
160.25,0.300000,0.300000,0.314243,0.10
160.50,0.300000,0.300000,0.314007,0.10
160.75,0.300000,0.300000,0.313776,0.10
161.00,0.300000,0.300000,0.313548,0.10
161.25,0.300000,0.300000,0.313324,0.10
161.50,0.300000,0.300000,0.313104,0.10
161.75,0.300000,0.300000,0.312887,0.10
162.00,0.300000,0.300000,0.312674,0.10
162.25,0.300000,0.300000,0.312465,0.10
162.50,0.300000,0.300000,0.312259,0.10
162.75,0.300000,0.300000,0.312056,0.10
163.00,0.300000,0.300000,0.311857,0.10
163.25,0.300000,0.300000,0.311661,0.10
163.50,0.300000,0.300000,0.311468,0.10
163.75,0.300000,0.300000,0.311279,0.10
164.00,0.300000,0.300000,0.311092,0.10
164.25,0.300000,0.300000,0.310909,0.10
164.50,0.300000,0.300000,0.310729,0.10
164.75,0.300000,0.300000,0.310551,0.10
165.00,0.300000,0.300000,0.310377,0.10
165.25,0.300000,0.300000,0.310205,0.10
165.50,0.300000,0.300000,0.310037,0.10
165.75,0.300000,0.300000,0.309871,0.10
166.00,0.300000,0.300000,0.309708,0.10
166.25,0.300000,0.300000,0.309547,0.10
166.50,0.300000,0.300000,0.309389,0.10
166.75,0.300000,0.300000,0.309234,0.10
167.00,0.300000,0.300000,0.309082,0.10
167.25,0.300000,0.300000,0.308931,0.10
167.50,0.300000,0.300000,0.308784,0.10
167.75,0.300000,0.300000,0.308639,0.10
168.00,0.300000,0.300000,0.308496,0.10
168.25,0.300000,0.300000,0.308355,0.10
168.50,0.300000,0.300000,0.308217,0.10
168.75,0.300000,0.300000,0.308082,0.10
169.00,0.300000,0.300000,0.307948,0.10
169.25,0.300000,0.300000,0.307817,0.10
169.50,0.300000,0.300000,0.307687,0.10
169.75,0.300000,0.300000,0.307560,0.10
170.00,0.300000,0.300000,0.307435,0.10
170.25,0.300000,0.300000,0.307312,0.10
170.50,0.300000,0.300000,0.307192,0.10
170.75,0.300000,0.300000,0.307073,0.10
171.00,0.300000,0.300000,0.306956,0.10
171.25,0.300000,0.300000,0.306841,0.10
171.50,0.300000,0.300000,0.306728,0.10
171.75,0.300000,0.300000,0.306617,0.10
172.00,0.300000,0.300000,0.306507,0.10
172.25,0.300000,0.300000,0.306400,0.10
172.50,0.300000,0.300000,0.306294,0.10
172.75,0.300000,0.300000,0.306190,0.10
173.00,0.300000,0.300000,0.306088,0.10
173.25,0.300000,0.300000,0.305987,0.10
173.50,0.300000,0.300000,0.305888,0.10
173.75,0.300000,0.300000,0.305791,0.10
174.00,0.300000,0.300000,0.305695,0.10
174.25,0.300000,0.300000,0.305601,0.10
174.50,0.300000,0.300000,0.305508,0.10
174.75,0.300000,0.300000,0.305417,0.10
175.00,0.300000,0.300000,0.305328,0.10
175.25,0.300000,0.300000,0.305240,0.10
175.50,0.300000,0.300000,0.305153,0.10
175.75,0.300000,0.300000,0.305068,0.10
176.00,0.300000,0.300000,0.304984,0.10
176.25,0.300000,0.300000,0.304902,0.10
176.50,0.300000,0.300000,0.304821,0.10
176.75,0.300000,0.300000,0.304741,0.10
177.00,0.300000,0.300000,0.304663,0.10
177.25,0.300000,0.300000,0.304586,0.10
177.50,0.300000,0.300000,0.304510,0.10
177.75,0.300000,0.300000,0.304435,0.10
178.00,0.300000,0.300000,0.304362,0.10
178.25,0.300000,0.300000,0.304290,0.10
178.50,0.300000,0.300000,0.304219,0.10
178.75,0.300000,0.300000,0.304149,0.10
179.00,0.300000,0.300000,0.304081,0.10
179.25,0.300000,0.300000,0.304013,0.10
179.50,0.300000,0.300000,0.303947,0.10
179.75,0.300000,0.300000,0.303882,0.10
180.00,0.300000,0.300000,0.303817,0.10
180.25,0.300000,0.300000,0.303754,0.10
180.50,0.300000,0.300000,0.303692,0.10
180.75,0.300000,0.300000,0.303631,0.10
181.00,0.300000,0.300000,0.303571,0.10
181.25,0.300000,0.300000,0.303512,0.10
181.50,0.300000,0.300000,0.303454,0.10
181.75,0.300000,0.300000,0.303397,0.10
182.00,0.300000,0.300000,0.303341,0.10
182.25,0.300000,0.300000,0.303286,0.10
182.50,0.300000,0.300000,0.303231,0.10
182.75,0.300000,0.300000,0.303178,0.10
183.00,0.300000,0.300000,0.303125,0.10
183.25,0.300000,0.300000,0.303074,0.10
183.50,0.300000,0.300000,0.303023,0.10
183.75,0.300000,0.300000,0.302973,0.10
184.00,0.300000,0.300000,0.302924,0.10
184.25,0.300000,0.300000,0.302876,0.10
184.50,0.300000,0.300000,0.302828,0.10
184.75,0.300000,0.300000,0.302781,0.10
185.00,0.300000,0.300000,0.302735,0.10
185.25,0.300000,0.300000,0.302690,0.10
185.50,0.300000,0.300000,0.302646,0.10
185.75,0.300000,0.300000,0.302602,0.10
186.00,0.300000,0.300000,0.302559,0.10
186.25,0.300000,0.300000,0.302517,0.10
186.50,0.300000,0.300000,0.302475,0.10
186.75,0.300000,0.300000,0.302434,0.10
187.00,0.300000,0.300000,0.302394,0.10
187.25,0.300000,0.300000,0.302354,0.10
187.50,0.300000,0.300000,0.302315,0.10
187.75,0.300000,0.300000,0.302277,0.10
188.00,0.300000,0.300000,0.302239,0.10
188.25,0.300000,0.300000,0.302202,0.10
188.50,0.300000,0.300000,0.302166,0.10
188.75,0.300000,0.300000,0.302130,0.10
189.00,0.300000,0.300000,0.302095,0.10
189.25,0.300000,0.300000,0.302060,0.10
189.50,0.300000,0.300000,0.302026,0.10
189.75,0.300000,0.300000,0.301993,0.10
190.00,0.300000,0.300000,0.301960,0.10
190.25,0.300000,0.300000,0.301928,0.10
190.50,0.300000,0.300000,0.301896,0.10
190.75,0.300000,0.300000,0.301864,0.10
191.00,0.300000,0.300000,0.301834,0.10
191.25,0.300000,0.300000,0.301803,0.10
191.50,0.300000,0.300000,0.301773,0.10
191.75,0.300000,0.300000,0.301744,0.10
192.00,0.300000,0.300000,0.301715,0.10
192.25,0.300000,0.300000,0.301687,0.10
192.50,0.300000,0.300000,0.301659,0.10
192.75,0.300000,0.300000,0.301632,0.10
193.00,0.300000,0.300000,0.301605,0.10
193.25,0.300000,0.300000,0.301578,0.10
193.50,0.300000,0.300000,0.301552,0.10
193.75,0.300000,0.300000,0.301526,0.10
194.00,0.300000,0.300000,0.301501,0.10
194.25,0.300000,0.300000,0.301476,0.10
194.50,0.300000,0.300000,0.301452,0.10
194.75,0.300000,0.300000,0.301428,0.10
195.00,0.300000,0.300000,0.301404,0.10
195.25,0.300000,0.300000,0.301381,0.10
195.50,0.300000,0.300000,0.301358,0.10
195.75,0.300000,0.300000,0.301336,0.10
196.00,0.300000,0.300000,0.301314,0.10
196.25,0.300000,0.300000,0.301292,0.10
196.50,0.300000,0.300000,0.301271,0.10
196.75,0.300000,0.300000,0.301250,0.10
197.00,0.300000,0.300000,0.301229,0.10
197.25,0.300000,0.300000,0.301209,0.10
197.50,0.300000,0.300000,0.301189,0.10
197.75,0.300000,0.300000,0.301169,0.10
198.00,0.300000,0.300000,0.301150,0.10
198.25,0.300000,0.300000,0.301131,0.10
198.50,0.300000,0.300000,0.301112,0.10
198.75,0.300000,0.300000,0.301094,0.10
199.00,0.300000,0.300000,0.301076,0.10
199.25,0.300000,0.300000,0.301058,0.10
199.50,0.300000,0.300000,0.301040,0.10
199.75,0.300000,0.300000,0.301023,0.10
200.00,0.300000,0.300000,0.301006,0.10
200.25,0.300000,0.300000,0.300990,0.10
200.50,0.300000,0.300000,0.300973,0.10
200.75,0.300000,0.300000,0.300957,0.10
201.00,0.300000,0.300000,0.300941,0.10
201.25,0.300000,0.300000,0.300926,0.10
201.50,0.300000,0.300000,0.300911,0.10
201.75,0.300000,0.300000,0.300895,0.10
202.00,0.300000,0.300000,0.300881,0.10
202.25,0.300000,0.300000,0.300866,0.10
202.50,0.300000,0.300000,0.300852,0.10
202.75,0.300000,0.300000,0.300838,0.10
203.00,0.300000,0.300000,0.300824,0.10
203.25,0.300000,0.300000,0.300810,0.10
203.50,0.300000,0.300000,0.300797,0.10
203.75,0.300000,0.300000,0.300784,0.10
204.00,0.300000,0.300000,0.300771,0.10
204.25,0.300000,0.300000,0.300758,0.10
204.50,0.300000,0.300000,0.300745,0.10
204.75,0.300000,0.300000,0.300733,0.10
205.00,0.300000,0.300000,0.300721,0.10
205.25,0.300000,0.300000,0.300709,0.10
205.50,0.300000,0.300000,0.300697,0.10
205.75,0.300000,0.300000,0.300686,0.10
206.00,0.300000,0.300000,0.300675,0.10
206.25,0.300000,0.300000,0.300663,0.10
206.50,0.300000,0.300000,0.300652,0.10
206.75,0.300000,0.300000,0.300642,0.10
207.00,0.300000,0.300000,0.300631,0.10
207.25,0.300000,0.300000,0.300621,0.10
207.50,0.300000,0.300000,0.300610,0.10
207.75,0.300000,0.300000,0.300600,0.10
208.00,0.300000,0.300000,0.300590,0.10
208.25,0.300000,0.300000,0.300581,0.10
208.50,0.300000,0.300000,0.300571,0.10
208.75,0.300000,0.300000,0.300562,0.10
209.00,0.300000,0.300000,0.300552,0.10
209.25,0.300000,0.300000,0.300543,0.10
209.50,0.300000,0.300000,0.300534,0.10
209.75,0.300000,0.300000,0.300525,0.10
210.00,0.300000,0.300000,0.300517,0.10
210.25,0.300000,0.300000,0.300508,0.10
210.50,0.300000,0.300000,0.300500,0.10
210.75,0.300000,0.300000,0.300491,0.10
211.00,0.300000,0.300000,0.300483,0.10
211.25,0.300000,0.300000,0.300475,0.10
211.50,0.300000,0.300000,0.300467,0.10
211.75,0.300000,0.300000,0.300460,0.10
212.00,0.300000,0.300000,0.300452,0.10
212.25,0.300000,0.300000,0.300445,0.10
212.50,0.300000,0.300000,0.300437,0.10
212.75,0.300000,0.300000,0.300430,0.10
213.00,0.300000,0.300000,0.300423,0.10
213.25,0.300000,0.300000,0.300416,0.10
213.50,0.300000,0.300000,0.300409,0.10
213.75,0.300000,0.300000,0.300402,0.10
214.00,0.300000,0.300000,0.300396,0.10
214.25,0.300000,0.300000,0.300389,0.10
214.50,0.300000,0.300000,0.300383,0.10
214.75,0.300000,0.300000,0.300376,0.10
215.00,0.300000,0.300000,0.300370,0.10
215.25,0.300000,0.300000,0.300364,0.10
215.50,0.300000,0.300000,0.300358,0.10
215.75,0.300000,0.300000,0.300352,0.10
216.00,0.300000,0.300000,0.300346,0.10
216.25,0.300000,0.300000,0.300341,0.10
216.50,0.300000,0.300000,0.300335,0.10
216.75,0.300000,0.300000,0.300329,0.10
217.00,0.300000,0.300000,0.300324,0.10
217.25,0.300000,0.300000,0.300319,0.10
217.50,0.300000,0.300000,0.300313,0.10
217.75,0.300000,0.300000,0.300308,0.10
218.00,0.300000,0.300000,0.300303,0.10
218.25,0.300000,0.300000,0.300298,0.10
218.50,0.300000,0.300000,0.300293,0.10
218.75,0.300000,0.300000,0.300288,0.10
219.00,0.300000,0.300000,0.300284,0.10
219.25,0.300000,0.300000,0.300279,0.10
219.50,0.300000,0.300000,0.300274,0.10
219.75,0.300000,0.300000,0.300270,0.10
220.00,0.300000,0.300000,0.300265,0.10
220.25,0.300000,0.300000,0.300261,0.10
220.50,0.300000,0.300000,0.300257,0.10
220.75,0.300000,0.300000,0.300252,0.10
221.00,0.300000,0.300000,0.300248,0.10
221.25,0.300000,0.300000,0.300244,0.10
221.50,0.300000,0.300000,0.300240,0.10
221.75,0.300000,0.300000,0.300236,0.10
222.00,0.300000,0.300000,0.300232,0.10
222.25,0.300000,0.300000,0.300228,0.10
222.50,0.300000,0.300000,0.300225,0.10
222.75,0.300000,0.300000,0.300221,0.10
223.00,0.300000,0.300000,0.300217,0.10
223.25,0.300000,0.300000,0.300214,0.10
223.50,0.300000,0.300000,0.300210,0.10
223.75,0.300000,0.300000,0.300207,0.10
224.00,0.300000,0.300000,0.300203,0.10
224.25,0.300000,0.300000,0.300200,0.10
224.50,0.300000,0.300000,0.300197,0.10
224.75,0.300000,0.300000,0.300193,0.10
225.00,0.300000,0.300000,0.300190,0.10
225.25,0.300000,0.300000,0.300187,0.10
225.50,0.300000,0.300000,0.300184,0.10
225.75,0.300000,0.300000,0.300181,0.10
226.00,0.300000,0.300000,0.300178,0.10
226.25,0.300000,0.300000,0.300175,0.10
226.50,0.300000,0.300000,0.300172,0.10
226.75,0.300000,0.300000,0.300169,0.10
227.00,0.300000,0.300000,0.300166,0.10
227.25,0.300000,0.300000,0.300164,0.10
227.50,0.300000,0.300000,0.300161,0.10
227.75,0.300000,0.300000,0.300158,0.10
228.00,0.300000,0.300000,0.300156,0.10
228.25,0.300000,0.300000,0.300153,0.10
228.50,0.300000,0.300000,0.300151,0.10
228.75,0.300000,0.300000,0.300148,0.10
229.00,0.300000,0.300000,0.300146,0.10
229.25,0.300000,0.300000,0.300143,0.10
229.50,0.300000,0.300000,0.300141,0.10
229.75,0.300000,0.300000,0.300138,0.10
230.00,0.300000,0.300000,0.300136,0.10
230.25,0.300000,0.300000,0.300134,0.10
230.50,0.300000,0.300000,0.300132,0.10
230.75,0.300000,0.300000,0.300130,0.10
231.00,0.300000,0.300000,0.300127,0.10
231.25,0.300000,0.300000,0.300125,0.10
231.50,0.300000,0.300000,0.300123,0.10
231.75,0.300000,0.300000,0.300121,0.10
232.00,0.300000,0.300000,0.300119,0.10
232.25,0.300000,0.300000,0.300117,0.10
232.50,0.300000,0.300000,0.300115,0.10
232.75,0.300000,0.300000,0.300113,0.10
233.00,0.300000,0.300000,0.300111,0.10
233.25,0.300000,0.300000,0.300110,0.10
233.50,0.300000,0.300000,0.300108,0.10
233.75,0.300000,0.300000,0.300106,0.10
234.00,0.300000,0.300000,0.300104,0.10
234.25,0.300000,0.300000,0.300103,0.10
234.50,0.300000,0.300000,0.300101,0.10
234.75,0.300000,0.300000,0.300099,0.10
235.00,0.300000,0.300000,0.300098,0.10
235.25,0.300000,0.300000,0.300096,0.10
235.50,0.300000,0.300000,0.300094,0.10
235.75,0.300000,0.300000,0.300093,0.10
236.00,0.300000,0.300000,0.300091,0.10
236.25,0.300000,0.300000,0.300090,0.10
236.50,0.300000,0.300000,0.300088,0.10
236.75,0.300000,0.300000,0.300087,0.10
237.00,0.300000,0.300000,0.300085,0.10
237.25,0.300000,0.300000,0.300084,0.10
237.50,0.300000,0.300000,0.300083,0.10
237.75,0.300000,0.300000,0.300081,0.10
238.00,0.300000,0.300000,0.300080,0.10
238.25,0.300000,0.300000,0.300079,0.10
238.50,0.300000,0.300000,0.300077,0.10
238.75,0.300000,0.300000,0.300076,0.10
239.00,0.300000,0.300000,0.300075,0.10
239.25,0.300000,0.300000,0.300074,0.10
239.50,0.300000,0.300000,0.300072,0.10
239.75,0.300000,0.300000,0.300071,0.10
240.00,0.300000,0.300000,0.300070,0.10
