theta_min,through,wick,fmc,chrono,accum
0.0,0.000000,0.000000,0.000000,0.000000,0.008330
0.5,0.075816,0.015791,0.000000,0.000000,0.008330
1.0,0.183940,0.021510,0.000000,0.000000,0.008330
1.5,0.251022,0.025374,0.000000,0.000000,0.008330
2.0,0.270671,0.028221,0.084159,0.000000,0.008330
2.5,0.256516,0.030391,0.084159,0.000000,0.008330
3.0,0.224042,0.032066,0.084159,0.000000,0.008330
3.5,0.184959,0.033361,0.084159,0.000000,0.008330
4.0,0.146525,0.034352,0.084159,0.000000,0.008330
4.5,0.112479,0.035094,0.084159,0.000000,0.008330
5.0,0.084224,0.035631,0.084159,0.000000,0.008330
5.5,0.061812,0.035995,0.084159,0.000000,0.008330
6.0,0.044618,0.036212,0.084159,0.000000,0.008330
6.5,0.031760,0.036303,0.084159,0.000000,0.008330
7.0,0.022341,0.036287,0.084159,0.000000,0.008330
7.5,0.015556,0.036178,0.084159,0.000000,0.008330
8.0,0.010735,0.035989,0.084159,0.000000,0.008330
8.5,0.007350,0.035732,0.084159,0.000000,0.008330
9.0,0.004998,0.035414,0.084159,0.000000,0.008330
9.5,0.003378,0.035046,0.084159,0.000000,0.008330
10.0,0.002270,0.034633,0.084159,0.000000,0.008330
10.5,0.001518,0.034182,0.084159,0.000000,0.008330
11.0,0.001010,0.033698,0.084159,0.000000,0.008330
11.5,0.000670,0.033188,0.084159,0.000000,0.008330
12.0,0.000442,0.032654,0.084159,0.000000,0.008330
12.5,0.000291,0.032100,0.000000,0.000000,0.008330
13.0,0.000191,0.031531,0.000000,0.000000,0.008330
13.5,0.000125,0.030949,0.000000,0.000000,0.008330
14.0,0.000081,0.030357,0.000000,0.000000,0.008330
14.5,0.000053,0.029757,0.000000,0.000000,0.008330
15.0,0.000034,0.029152,0.000000,0.000000,0.008330
15.5,0.000022,0.028543,0.000000,0.000000,0.008330
16.0,0.000014,0.027933,0.000000,0.000000,0.008330
16.5,0.000009,0.027322,0.000000,0.000000,0.008330
17.0,0.000006,0.026712,0.012624,0.000000,0.008330
17.5,0.000004,0.026104,0.012624,0.000000,0.008330
18.0,0.000002,0.025500,0.012624,0.000000,0.008330
18.5,0.000002,0.024901,0.012624,0.000000,0.008330
19.0,0.000001,0.024306,0.012624,0.000000,0.008330
19.5,0.000001,0.023717,0.012624,0.000000,0.008330
20.0,0.000000,0.023136,0.012624,0.000000,0.008330
20.5,0.000000,0.022561,0.012624,0.000000,0.008330
21.0,0.000000,0.021994,0.012624,0.000000,0.008330
21.5,0.000000,0.021435,0.012624,0.000000,0.008330
22.0,0.000000,0.020885,0.012624,0.000000,0.008330
22.5,0.000000,0.020344,0.012624,0.000000,0.008330
23.0,0.000000,0.019811,0.012624,0.000000,0.008330
23.5,0.000000,0.019288,0.012624,0.000000,0.008330
24.0,0.000000,0.018775,0.012624,0.000000,0.008330
24.5,0.000000,0.018271,0.012624,0.000000,0.008330
25.0,0.000000,0.017778,0.012624,0.000000,0.008330
25.5,0.000000,0.017294,0.012624,0.000000,0.008330
26.0,0.000000,0.016820,0.012624,0.000000,0.008330
26.5,0.000000,0.016356,0.012624,0.000000,0.008330
27.0,0.000000,0.015902,0.012624,0.000000,0.008330
27.5,0.000000,0.015458,0.000000,0.000000,0.008330
28.0,0.000000,0.015023,0.000000,0.000000,0.008330
28.5,0.000000,0.014599,0.000000,0.000000,0.008330
29.0,0.000000,0.014185,0.000000,0.000000,0.008330
29.5,0.000000,0.013780,0.000000,0.000000,0.008330
30.0,0.000000,0.013385,0.000000,0.033223,0.008330
30.5,0.000000,0.012999,0.000000,0.033223,0.008330
31.0,0.000000,0.012623,0.000000,0.033223,0.008330
31.5,0.000000,0.012256,0.000000,0.033223,0.008330
32.0,0.000000,0.011898,0.001894,0.033223,0.008330
32.5,0.000000,0.011549,0.001894,0.033223,0.008330
33.0,0.000000,0.011209,0.001894,0.033223,0.008330
33.5,0.000000,0.010878,0.001894,0.033223,0.008330
34.0,0.000000,0.010556,0.001894,0.033223,0.008330
34.5,0.000000,0.010242,0.001894,0.033223,0.008330
35.0,0.000000,0.009936,0.001894,0.033223,0.008330
35.5,0.000000,0.009639,0.001894,0.033223,0.008330
36.0,0.000000,0.009349,0.001894,0.033223,0.008330
36.5,0.000000,0.009067,0.001894,0.033223,0.008330
37.0,0.000000,0.008793,0.001894,0.033223,0.008330
37.5,0.000000,0.008526,0.001894,0.033223,0.008330
38.0,0.000000,0.008267,0.001894,0.033223,0.008330
38.5,0.000000,0.008015,0.001894,0.033223,0.008330
39.0,0.000000,0.007770,0.001894,0.033223,0.008330
39.5,0.000000,0.007532,0.001894,0.033223,0.008330
40.0,0.000000,0.007301,0.001894,0.033223,0.008330
40.5,0.000000,0.007076,0.001894,0.033223,0.008330
41.0,0.000000,0.006857,0.001894,0.033223,0.008330
41.5,0.000000,0.006645,0.001894,0.033223,0.008330
42.0,0.000000,0.006439,0.001894,0.033223,0.008330
42.5,0.000000,0.006239,0.000000,0.033223,0.008330
43.0,0.000000,0.006044,0.000000,0.033223,0.008330
43.5,0.000000,0.005856,0.000000,0.033223,0.008330
44.0,0.000000,0.005672,0.000000,0.033223,0.008330
44.5,0.000000,0.005495,0.000000,0.033223,0.008330
45.0,0.000000,0.005322,0.000000,0.033223,0.008330
45.5,0.000000,0.005154,0.000000,0.033223,0.008330
46.0,0.000000,0.004992,0.000000,0.033223,0.008330
46.5,0.000000,0.004834,0.000000,0.033223,0.008330
47.0,0.000000,0.004681,0.000284,0.033223,0.008330
47.5,0.000000,0.004533,0.000284,0.033223,0.008330
48.0,0.000000,0.004389,0.000284,0.033223,0.008330
48.5,0.000000,0.004249,0.000284,0.033223,0.008330
49.0,0.000000,0.004114,0.000284,0.033223,0.008330
49.5,0.000000,0.003983,0.000284,0.033223,0.008330
50.0,0.000000,0.003856,0.000284,0.033223,0.008330
50.5,0.000000,0.003732,0.000284,0.033223,0.008330
51.0,0.000000,0.003613,0.000284,0.033223,0.008330
51.5,0.000000,0.003497,0.000284,0.033223,0.008330
52.0,0.000000,0.003384,0.000284,0.033223,0.008330
52.5,0.000000,0.003275,0.000284,0.033223,0.008330
53.0,0.000000,0.003170,0.000284,0.033223,0.008330
53.5,0.000000,0.003067,0.000284,0.033223,0.008330
54.0,0.000000,0.002968,0.000284,0.033223,0.008330
54.5,0.000000,0.002872,0.000284,0.033223,0.008330
55.0,0.000000,0.002779,0.000284,0.033223,0.008330
55.5,0.000000,0.002689,0.000284,0.033223,0.008330
56.0,0.000000,0.002602,0.000284,0.033223,0.008330
56.5,0.000000,0.002517,0.000284,0.033223,0.008330
57.0,0.000000,0.002435,0.000284,0.033223,0.008330
57.5,0.000000,0.002356,0.000000,0.033223,0.008330
58.0,0.000000,0.002279,0.000000,0.033223,0.008330
58.5,0.000000,0.002205,0.000000,0.033223,0.008330
59.0,0.000000,0.002132,0.000000,0.033223,0.008330
59.5,0.000000,0.002063,0.000000,0.033223,0.008330
60.0,0.000000,0.001995,0.000000,0.033223,0.008330
60.5,0.000000,0.001930,0.000000,0.000000,0.008330
61.0,0.000000,0.001866,0.000000,0.000000,0.008330
61.5,0.000000,0.001805,0.000000,0.000000,0.008330
62.0,0.000000,0.001746,0.000043,0.000000,0.008330
62.5,0.000000,0.001688,0.000043,0.000000,0.008330
63.0,0.000000,0.001632,0.000043,0.000000,0.008330
63.5,0.000000,0.001579,0.000043,0.000000,0.008330
64.0,0.000000,0.001526,0.000043,0.000000,0.008330
64.5,0.000000,0.001476,0.000043,0.000000,0.008330
65.0,0.000000,0.001427,0.000043,0.000000,0.008330
65.5,0.000000,0.001380,0.000043,0.000000,0.008330
66.0,0.000000,0.001334,0.000043,0.000000,0.008330
66.5,0.000000,0.001290,0.000043,0.000000,0.008330
67.0,0.000000,0.001247,0.000043,0.000000,0.008330
67.5,0.000000,0.001206,0.000043,0.000000,0.008330
68.0,0.000000,0.001166,0.000043,0.000000,0.008330
68.5,0.000000,0.001127,0.000043,0.000000,0.008330
69.0,0.000000,0.001089,0.000043,0.000000,0.008330
69.5,0.000000,0.001053,0.000043,0.000000,0.008330
70.0,0.000000,0.001018,0.000043,0.000000,0.008330
70.5,0.000000,0.000984,0.000043,0.000000,0.008330
71.0,0.000000,0.000951,0.000043,0.000000,0.008330
71.5,0.000000,0.000919,0.000043,0.000000,0.008330
72.0,0.000000,0.000889,0.000043,0.000000,0.008330
72.5,0.000000,0.000859,0.000000,0.000000,0.008330
73.0,0.000000,0.000830,0.000000,0.000000,0.008330
73.5,0.000000,0.000802,0.000000,0.000000,0.008330
74.0,0.000000,0.000775,0.000000,0.000000,0.008330
74.5,0.000000,0.000749,0.000000,0.000000,0.008330
75.0,0.000000,0.000724,0.000000,0.000000,0.008330
75.5,0.000000,0.000700,0.000000,0.000000,0.008330
76.0,0.000000,0.000676,0.000000,0.000000,0.008330
76.5,0.000000,0.000654,0.000000,0.000000,0.008330
77.0,0.000000,0.000632,0.000006,0.000000,0.008330
77.5,0.000000,0.000610,0.000006,0.000000,0.008330
78.0,0.000000,0.000590,0.000006,0.000000,0.008330
78.5,0.000000,0.000570,0.000006,0.000000,0.008330
79.0,0.000000,0.000551,0.000006,0.000000,0.008330
79.5,0.000000,0.000532,0.000006,0.000000,0.008330
80.0,0.000000,0.000514,0.000006,0.000000,0.008330
80.5,0.000000,0.000497,0.000006,0.000000,0.008330
81.0,0.000000,0.000480,0.000006,0.000000,0.008330
81.5,0.000000,0.000464,0.000006,0.000000,0.008330
82.0,0.000000,0.000448,0.000006,0.000000,0.008330
82.5,0.000000,0.000433,0.000006,0.000000,0.008330
83.0,0.000000,0.000418,0.000006,0.000000,0.008330
83.5,0.000000,0.000404,0.000006,0.000000,0.008330
84.0,0.000000,0.000390,0.000006,0.000000,0.008330
84.5,0.000000,0.000377,0.000006,0.000000,0.008330
85.0,0.000000,0.000364,0.000006,0.000000,0.008330
85.5,0.000000,0.000352,0.000006,0.000000,0.008330
86.0,0.000000,0.000340,0.000006,0.000000,0.008330
86.5,0.000000,0.000328,0.000006,0.000000,0.008330
87.0,0.000000,0.000317,0.000006,0.000000,0.008330
87.5,0.000000,0.000306,0.000000,0.000000,0.008330
88.0,0.000000,0.000296,0.000000,0.000000,0.008330
88.5,0.000000,0.000286,0.000000,0.000000,0.008330
89.0,0.000000,0.000276,0.000000,0.000000,0.008330
89.5,0.000000,0.000267,0.000000,0.000000,0.008330
90.0,0.000000,0.000258,0.000000,0.000000,0.008330
90.5,0.000000,0.000249,0.000000,0.000000,0.008330
91.0,0.000000,0.000240,0.000000,0.000000,0.008330
91.5,0.000000,0.000232,0.000000,0.000000,0.008330
92.0,0.000000,0.000224,0.000000,0.000000,0.008330
92.5,0.000000,0.000216,0.000000,0.000000,0.008330
93.0,0.000000,0.000209,0.000000,0.000000,0.008330
93.5,0.000000,0.000202,0.000000,0.000000,0.008330
94.0,0.000000,0.000195,0.000000,0.000000,0.008330
94.5,0.000000,0.000188,0.000000,0.000000,0.008330
95.0,0.000000,0.000182,0.000000,0.000000,0.008330
95.5,0.000000,0.000176,0.000000,0.000000,0.008330
96.0,0.000000,0.000170,0.000000,0.000000,0.008330
96.5,0.000000,0.000164,0.000000,0.000000,0.008330
97.0,0.000000,0.000158,0.000000,0.000000,0.008330
97.5,0.000000,0.000153,0.000000,0.000000,0.008330
98.0,0.000000,0.000147,0.000000,0.000000,0.008330
98.5,0.000000,0.000142,0.000000,0.000000,0.008330
99.0,0.000000,0.000138,0.000000,0.000000,0.008330
99.5,0.000000,0.000133,0.000000,0.000000,0.008330
100.0,0.000000,0.000128,0.000000,0.000000,0.008330
100.5,0.000000,0.000124,0.000000,0.000000,0.008330
101.0,0.000000,0.000120,0.000000,0.000000,0.008330
101.5,0.000000,0.000115,0.000000,0.000000,0.008330
102.0,0.000000,0.000111,0.000000,0.000000,0.008330
102.5,0.000000,0.000108,0.000000,0.000000,0.008330
103.0,0.000000,0.000104,0.000000,0.000000,0.008330
103.5,0.000000,0.000100,0.000000,0.000000,0.008330
104.0,0.000000,0.000097,0.000000,0.000000,0.008330
104.5,0.000000,0.000094,0.000000,0.000000,0.008330
105.0,0.000000,0.000090,0.000000,0.000000,0.008330
105.5,0.000000,0.000087,0.000000,0.000000,0.008330
106.0,0.000000,0.000084,0.000000,0.000000,0.008330
106.5,0.000000,0.000081,0.000000,0.000000,0.008330
107.0,0.000000,0.000078,0.000000,0.000000,0.008330
107.5,0.000000,0.000076,0.000000,0.000000,0.008330
108.0,0.000000,0.000073,0.000000,0.000000,0.008330
108.5,0.000000,0.000071,0.000000,0.000000,0.008330
109.0,0.000000,0.000068,0.000000,0.000000,0.008330
109.5,0.000000,0.000066,0.000000,0.000000,0.008330
110.0,0.000000,0.000064,0.000000,0.000000,0.008330
110.5,0.000000,0.000061,0.000000,0.000000,0.008330
111.0,0.000000,0.000059,0.000000,0.000000,0.008330
111.5,0.000000,0.000057,0.000000,0.000000,0.008330
112.0,0.000000,0.000055,0.000000,0.000000,0.008330
112.5,0.000000,0.000053,0.000000,0.000000,0.008330
113.0,0.000000,0.000051,0.000000,0.000000,0.008330
113.5,0.000000,0.000050,0.000000,0.000000,0.008330
114.0,0.000000,0.000048,0.000000,0.000000,0.008330
114.5,0.000000,0.000046,0.000000,0.000000,0.008330
115.0,0.000000,0.000045,0.000000,0.000000,0.008330
115.5,0.000000,0.000043,0.000000,0.000000,0.008330
116.0,0.000000,0.000042,0.000000,0.000000,0.008330
116.5,0.000000,0.000040,0.000000,0.000000,0.008330
117.0,0.000000,0.000039,0.000000,0.000000,0.008330
117.5,0.000000,0.000037,0.000000,0.000000,0.008330
118.0,0.000000,0.000036,0.000000,0.000000,0.008330
118.5,0.000000,0.000035,0.000000,0.000000,0.008330
119.0,0.000000,0.000034,0.000000,0.000000,0.008330
119.5,0.000000,0.000032,0.000000,0.000000,0.008330
120.0,0.000000,0.000031,0.000000,0.000000,0.008330
120.5,0.000000,0.000030,0.000000,0.000000,0.000000
121.0,0.000000,0.000029,0.000000,0.000000,0.000000
121.5,0.000000,0.000028,0.000000,0.000000,0.000000
122.0,0.000000,0.000027,0.000000,0.000000,0.000000
122.5,0.000000,0.000026,0.000000,0.000000,0.000000
123.0,0.000000,0.000025,0.000000,0.000000,0.000000
123.5,0.000000,0.000024,0.000000,0.000000,0.000000
124.0,0.000000,0.000024,0.000000,0.000000,0.000000
124.5,0.000000,0.000023,0.000000,0.000000,0.000000
125.0,0.000000,0.000022,0.000000,0.000000,0.000000
125.5,0.000000,0.000021,0.000000,0.000000,0.000000
126.0,0.000000,0.000020,0.000000,0.000000,0.000000
126.5,0.000000,0.000020,0.000000,0.000000,0.000000
127.0,0.000000,0.000019,0.000000,0.000000,0.000000
127.5,0.000000,0.000018,0.000000,0.000000,0.000000
128.0,0.000000,0.000018,0.000000,0.000000,0.000000
128.5,0.000000,0.000017,0.000000,0.000000,0.000000
129.0,0.000000,0.000017,0.000000,0.000000,0.000000
129.5,0.000000,0.000016,0.000000,0.000000,0.000000
130.0,0.000000,0.000015,0.000000,0.000000,0.000000
