time_min,C_in_normalized
0.000000,0.500000000
0.050000,0.505235892
0.100000,0.510471210
0.150000,0.515705380
0.200000,0.520937827
0.250000,0.526167978
0.300000,0.531395260
0.350000,0.536619099
0.400000,0.541838922
0.450000,0.547054157
0.500000,0.552264232
0.550000,0.557468575
0.600000,0.562666617
0.650000,0.567857786
0.700000,0.573041514
0.750000,0.578217233
0.800000,0.583384373
0.850000,0.588542370
0.900000,0.593690657
0.950000,0.598828670
1.000000,0.603955845
1.050000,0.609071621
1.100000,0.614175435
1.150000,0.619266729
1.200000,0.624344944
1.250000,0.629409523
1.300000,0.634459910
1.350000,0.639495553
1.400000,0.644515898
1.450000,0.649520396
1.500000,0.654508497
1.550000,0.659479655
1.600000,0.664433323
1.650000,0.669368960
1.700000,0.674286024
1.750000,0.679183975
1.800000,0.684062276
1.850000,0.688920393
1.900000,0.693757793
1.950000,0.698573945
2.000000,0.703368322
2.050000,0.708140396
2.100000,0.712889646
2.150000,0.717615550
2.200000,0.722317590
2.250000,0.726995250
2.300000,0.731648018
2.350000,0.736275382
2.400000,0.740876837
2.450000,0.745451877
2.500000,0.750000000
2.550000,0.754520708
2.600000,0.759013505
2.650000,0.763477898
2.700000,0.767913397
2.750000,0.772319518
2.800000,0.776695775
2.850000,0.781041689
2.900000,0.785356784
2.950000,0.789640586
3.000000,0.793892626
3.050000,0.798112437
3.100000,0.802299557
3.150000,0.806453527
3.200000,0.810573890
3.250000,0.814660196
3.300000,0.818711995
3.350000,0.822728844
3.400000,0.826710302
3.450000,0.830655933
3.500000,0.834565303
3.550000,0.838437985
3.600000,0.842273553
3.650000,0.846071587
3.700000,0.849831670
3.750000,0.853553391
3.800000,0.857236340
3.850000,0.860880114
3.900000,0.864484314
3.950000,0.868048544
4.000000,0.871572413
4.050000,0.875055535
4.100000,0.878497528
4.150000,0.881898014
4.200000,0.885256621
4.250000,0.888572981
4.300000,0.891846729
4.350000,0.895077506
4.400000,0.898264959
4.450000,0.901408738
4.500000,0.904508497
4.550000,0.907563898
4.600000,0.910574605
4.650000,0.913540287
4.700000,0.916460620
4.750000,0.919335284
4.800000,0.922163963
4.850000,0.924946346
4.900000,0.927682130
4.950000,0.930371014
5.000000,0.933012702
5.050000,0.935606906
5.100000,0.938153340
5.150000,0.940651726
5.200000,0.943101790
5.250000,0.945503262
5.300000,0.947855880
5.350000,0.950159386
5.400000,0.952413526
5.450000,0.954618055
5.500000,0.956772729
5.550000,0.958877313
5.600000,0.960931576
5.650000,0.962935292
5.700000,0.964888243
5.750000,0.966790213
5.800000,0.968640995
5.850000,0.970440384
5.900000,0.972188185
5.950000,0.973884205
6.000000,0.975528258
6.050000,0.977120164
6.100000,0.978659749
6.150000,0.980146843
6.200000,0.981581283
6.250000,0.982962913
6.300000,0.984291581
6.350000,0.985567140
6.400000,0.986789451
6.450000,0.987958381
6.500000,0.989073800
6.550000,0.990135587
6.600000,0.991143625
6.650000,0.992097804
6.700000,0.992998019
6.750000,0.993844170
6.800000,0.994636166
6.850000,0.995373920
6.900000,0.996057351
6.950000,0.996686383
7.000000,0.997260948
7.050000,0.997780982
7.100000,0.998246430
7.150000,0.998657239
7.200000,0.999013364
7.250000,0.999314767
7.300000,0.999561415
7.350000,0.999753280
7.400000,0.999890342
7.450000,0.999972585
7.500000,1.000000000
7.550000,0.999972585
7.600000,0.999890342
7.650000,0.999753280
7.700000,0.999561415
7.750000,0.999314767
7.800000,0.999013364
7.850000,0.998657239
7.900000,0.998246430
7.950000,0.997780982
8.000000,0.997260948
8.050000,0.996686383
8.100000,0.996057351
8.150000,0.995373920
8.200000,0.994636166
8.250000,0.993844170
8.300000,0.992998019
8.350000,0.992097804
8.400000,0.991143625
8.450000,0.990135587
8.500000,0.989073800
8.550000,0.987958381
8.600000,0.986789451
8.650000,0.985567140
8.700000,0.984291581
8.750000,0.982962913
8.800000,0.981581283
8.850000,0.980146843
8.900000,0.978659749
8.950000,0.977120164
9.000000,0.975528258
9.050000,0.973884205
9.100000,0.972188185
9.150000,0.970440384
9.200000,0.968640995
9.250000,0.966790213
9.300000,0.964888243
9.350000,0.962935292
9.400000,0.960931576
9.450000,0.958877313
9.500000,0.956772729
9.550000,0.954618055
9.600000,0.952413526
9.650000,0.950159386
9.700000,0.947855880
9.750000,0.945503262
9.800000,0.943101790
9.850000,0.940651726
9.900000,0.938153340
9.950000,0.935606906
10.000000,0.933012702
10.050000,0.930371014
10.100000,0.927682130
10.150000,0.924946346
10.200000,0.922163963
10.250000,0.919335284
10.300000,0.916460620
10.350000,0.913540287
10.400000,0.910574605
10.450000,0.907563898
10.500000,0.904508497
10.550000,0.901408738
10.600000,0.898264959
10.650000,0.895077506
10.700000,0.891846729
10.750000,0.888572981
10.800000,0.885256621
10.850000,0.881898014
10.900000,0.878497528
10.950000,0.875055535
11.000000,0.871572413
11.050000,0.868048544
11.100000,0.864484314
11.150000,0.860880114
11.200000,0.857236340
11.250000,0.853553391
11.300000,0.849831670
11.350000,0.846071587
11.400000,0.842273553
11.450000,0.838437985
11.500000,0.834565303
11.550000,0.830655933
11.600000,0.826710302
11.650000,0.822728844
11.700000,0.818711995
11.750000,0.814660196
11.800000,0.810573890
11.850000,0.806453527
11.900000,0.802299557
11.950000,0.798112437
12.000000,0.793892626
12.050000,0.789640586
12.100000,0.785356784
12.150000,0.781041689
12.200000,0.776695775
12.250000,0.772319518
12.300000,0.767913397
12.350000,0.763477898
12.400000,0.759013505
12.450000,0.754520708
12.500000,0.750000000
12.550000,0.745451877
12.600000,0.740876837
12.650000,0.736275382
12.700000,0.731648018
12.750000,0.726995250
12.800000,0.722317590
12.850000,0.717615550
12.900000,0.712889646
12.950000,0.708140396
13.000000,0.703368322
13.050000,0.698573945
13.100000,0.693757793
13.150000,0.688920393
13.200000,0.684062276
13.250000,0.679183975
13.300000,0.674286024
13.350000,0.669368960
13.400000,0.664433323
13.450000,0.659479655
13.500000,0.654508497
13.550000,0.649520396
13.600000,0.644515898
13.650000,0.639495553
13.700000,0.634459910
13.750000,0.629409523
13.800000,0.624344944
13.850000,0.619266729
13.900000,0.614175435
13.950000,0.609071621
14.000000,0.603955845
14.050000,0.598828670
14.100000,0.593690657
14.150000,0.588542370
14.200000,0.583384373
14.250000,0.578217233
14.300000,0.573041514
14.350000,0.567857786
14.400000,0.562666617
14.450000,0.557468575
14.500000,0.552264232
14.550000,0.547054157
14.600000,0.541838922
14.650000,0.536619099
14.700000,0.531395260
14.750000,0.526167978
14.800000,0.520937827
14.850000,0.515705380
14.900000,0.510471210
14.950000,0.505235892
15.000000,0.500000000
15.050000,0.494764108
15.100000,0.489528790
15.150000,0.484294620
15.200000,0.479062173
15.250000,0.473832022
15.300000,0.468604740
15.350000,0.463380901
15.400000,0.458161078
15.450000,0.452945843
15.500000,0.447735768
15.550000,0.442531425
15.600000,0.437333383
15.650000,0.432142214
15.700000,0.426958486
15.750000,0.421782767
15.800000,0.416615627
15.850000,0.411457630
15.900000,0.406309343
15.950000,0.401171330
16.000000,0.396044155
16.050000,0.390928379
16.100000,0.385824565
16.150000,0.380733271
16.200000,0.375655056
16.250000,0.370590477
16.300000,0.365540090
16.350000,0.360504447
16.400000,0.355484102
16.450000,0.350479604
16.500000,0.345491503
16.550000,0.340520345
16.600000,0.335566677
16.650000,0.330631040
16.700000,0.325713976
16.750000,0.320816025
16.800000,0.315937724
16.850000,0.311079607
16.900000,0.306242207
16.950000,0.301426055
17.000000,0.296631678
17.050000,0.291859604
17.100000,0.287110354
17.150000,0.282384450
17.200000,0.277682410
17.250000,0.273004750
17.300000,0.268351982
17.350000,0.263724618
17.400000,0.259123163
17.450000,0.254548123
17.500000,0.250000000
17.550000,0.245479292
17.600000,0.240986495
17.650000,0.236522102
17.700000,0.232086603
17.750000,0.227680482
17.800000,0.223304225
17.850000,0.218958311
17.900000,0.214643216
17.950000,0.210359414
18.000000,0.206107374
18.050000,0.201887563
18.100000,0.197700443
18.150000,0.193546473
18.200000,0.189426110
18.250000,0.185339804
18.300000,0.181288005
18.350000,0.177271156
18.400000,0.173289698
18.450000,0.169344067
18.500000,0.165434697
18.550000,0.161562015
18.600000,0.157726447
18.650000,0.153928413
18.700000,0.150168330
18.750000,0.146446609
18.800000,0.142763660
18.850000,0.139119886
18.900000,0.135515686
18.950000,0.131951456
19.000000,0.128427587
19.050000,0.124944465
19.100000,0.121502472
19.150000,0.118101986
19.200000,0.114743379
19.250000,0.111427019
19.300000,0.108153271
19.350000,0.104922494
19.400000,0.101735041
19.450000,0.098591262
19.500000,0.095491503
19.550000,0.092436102
19.600000,0.089425395
19.650000,0.086459713
19.700000,0.083539380
19.750000,0.080664716
19.800000,0.077836037
19.850000,0.075053654
19.900000,0.072317870
19.950000,0.069628986
20.000000,0.066987298
20.050000,0.064393094
20.100000,0.061846660
20.150000,0.059348274
20.200000,0.056898210
20.250000,0.054496738
20.300000,0.052144120
20.350000,0.049840614
20.400000,0.047586474
20.450000,0.045381945
20.500000,0.043227271
20.550000,0.041122687
20.600000,0.039068424
20.650000,0.037064708
20.700000,0.035111757
20.750000,0.033209787
20.800000,0.031359005
20.850000,0.029559616
20.900000,0.027811815
20.950000,0.026115795
21.000000,0.024471742
21.050000,0.022879836
21.100000,0.021340251
21.150000,0.019853157
21.200000,0.018418717
21.250000,0.017037087
21.300000,0.015708419
21.350000,0.014432860
21.400000,0.013210549
21.450000,0.012041619
21.500000,0.010926200
21.550000,0.009864413
21.600000,0.008856375
21.650000,0.007902196
21.700000,0.007001981
21.750000,0.006155830
21.800000,0.005363834
21.850000,0.004626080
21.900000,0.003942649
21.950000,0.003313617
22.000000,0.002739052
22.050000,0.002219018
22.100000,0.001753570
22.150000,0.001342761
22.200000,0.000986636
22.250000,0.000685233
22.300000,0.000438585
22.350000,0.000246720
22.400000,0.000109658
22.450000,0.000027415
22.500000,0.000000000
22.550000,0.000027415
22.600000,0.000109658
22.650000,0.000246720
22.700000,0.000438585
22.750000,0.000685233
22.800000,0.000986636
22.850000,0.001342761
22.900000,0.001753570
22.950000,0.002219018
23.000000,0.002739052
23.050000,0.003313617
23.100000,0.003942649
23.150000,0.004626080
23.200000,0.005363834
23.250000,0.006155830
23.300000,0.007001981
23.350000,0.007902196
23.400000,0.008856375
23.450000,0.009864413
23.500000,0.010926200
23.550000,0.012041619
23.600000,0.013210549
23.650000,0.014432860
23.700000,0.015708419
23.750000,0.017037087
23.800000,0.018418717
23.850000,0.019853157
23.900000,0.021340251
23.950000,0.022879836
24.000000,0.024471742
24.050000,0.026115795
24.100000,0.027811815
24.150000,0.029559616
24.200000,0.031359005
24.250000,0.033209787
24.300000,0.035111757
24.350000,0.037064708
24.400000,0.039068424
24.450000,0.041122687
24.500000,0.043227271
24.550000,0.045381945
24.600000,0.047586474
24.650000,0.049840614
24.700000,0.052144120
24.750000,0.054496738
24.800000,0.056898210
24.850000,0.059348274
24.900000,0.061846660
24.950000,0.064393094
25.000000,0.066987298
25.050000,0.069628986
25.100000,0.072317870
25.150000,0.075053654
25.200000,0.077836037
25.250000,0.080664716
25.300000,0.083539380
25.350000,0.086459713
25.400000,0.089425395
25.450000,0.092436102
25.500000,0.095491503
25.550000,0.098591262
25.600000,0.101735041
25.650000,0.104922494
25.700000,0.108153271
25.750000,0.111427019
25.800000,0.114743379
25.850000,0.118101986
25.900000,0.121502472
25.950000,0.124944465
26.000000,0.128427587
26.050000,0.131951456
26.100000,0.135515686
26.150000,0.139119886
26.200000,0.142763660
26.250000,0.146446609
26.300000,0.150168330
26.350000,0.153928413
26.400000,0.157726447
26.450000,0.161562015
26.500000,0.165434697
26.550000,0.169344067
26.600000,0.173289698
26.650000,0.177271156
26.700000,0.181288005
26.750000,0.185339804
26.800000,0.189426110
26.850000,0.193546473
26.900000,0.197700443
26.950000,0.201887563
27.000000,0.206107374
27.050000,0.210359414
27.100000,0.214643216
27.150000,0.218958311
27.200000,0.223304225
27.250000,0.227680482
27.300000,0.232086603
27.350000,0.236522102
27.400000,0.240986495
27.450000,0.245479292
27.500000,0.250000000
27.550000,0.254548123
27.600000,0.259123163
27.650000,0.263724618
27.700000,0.268351982
27.750000,0.273004750
27.800000,0.277682410
27.850000,0.282384450
27.900000,0.287110354
27.950000,0.291859604
28.000000,0.296631678
28.050000,0.301426055
28.100000,0.306242207
28.150000,0.311079607
28.200000,0.315937724
28.250000,0.320816025
28.300000,0.325713976
28.350000,0.330631040
28.400000,0.335566677
28.450000,0.340520345
28.500000,0.345491503
28.550000,0.350479604
28.600000,0.355484102
28.650000,0.360504447
28.700000,0.365540090
28.750000,0.370590477
28.800000,0.375655056
28.850000,0.380733271
28.900000,0.385824565
28.950000,0.390928379
29.000000,0.396044155
29.050000,0.401171330
29.100000,0.406309343
29.150000,0.411457630
29.200000,0.416615627
29.250000,0.421782767
29.300000,0.426958486
29.350000,0.432142214
29.400000,0.437333383
29.450000,0.442531425
29.500000,0.447735768
29.550000,0.452945843
29.600000,0.458161078
29.650000,0.463380901
29.700000,0.468604740
29.750000,0.473832022
29.800000,0.479062173
29.850000,0.484294620
29.900000,0.489528790
29.950000,0.494764108
30.000000,0.500000000
30.050000,0.505235892
30.100000,0.510471210
30.150000,0.515705380
30.200000,0.520937827
30.250000,0.526167978
30.300000,0.531395260
30.350000,0.536619099
30.400000,0.541838922
30.450000,0.547054157
30.500000,0.552264232
30.550000,0.557468575
30.600000,0.562666617
30.650000,0.567857786
30.700000,0.573041514
30.750000,0.578217233
30.800000,0.583384373
30.850000,0.588542370
30.900000,0.593690657
30.950000,0.598828670
31.000000,0.603955845
31.050000,0.609071621
31.100000,0.614175435
31.150000,0.619266729
31.200000,0.624344944
31.250000,0.629409523
31.300000,0.634459910
31.350000,0.639495553
31.400000,0.644515898
31.450000,0.649520396
31.500000,0.654508497
31.550000,0.659479655
31.600000,0.664433323
31.650000,0.669368960
31.700000,0.674286024
31.750000,0.679183975
31.800000,0.684062276
31.850000,0.688920393
31.900000,0.693757793
31.950000,0.698573945
32.000000,0.703368322
32.050000,0.708140396
32.100000,0.712889646
32.150000,0.717615550
32.200000,0.722317590
32.250000,0.726995250
32.300000,0.731648018
32.350000,0.736275382
32.400000,0.740876837
32.450000,0.745451877
32.500000,0.750000000
32.550000,0.754520708
32.600000,0.759013505
32.650000,0.763477898
32.700000,0.767913397
32.750000,0.772319518
32.800000,0.776695775
32.850000,0.781041689
32.900000,0.785356784
32.950000,0.789640586
33.000000,0.793892626
33.050000,0.798112437
33.100000,0.802299557
33.150000,0.806453527
33.200000,0.810573890
33.250000,0.814660196
33.300000,0.818711995
33.350000,0.822728844
33.400000,0.826710302
33.450000,0.830655933
33.500000,0.834565303
33.550000,0.838437985
33.600000,0.842273553
33.650000,0.846071587
33.700000,0.849831670
33.750000,0.853553391
33.800000,0.857236340
33.850000,0.860880114
33.900000,0.864484314
33.950000,0.868048544
34.000000,0.871572413
34.050000,0.875055535
34.100000,0.878497528
34.150000,0.881898014
34.200000,0.885256621
34.250000,0.888572981
34.300000,0.891846729
34.350000,0.895077506
34.400000,0.898264959
34.450000,0.901408738
34.500000,0.904508497
34.550000,0.907563898
34.600000,0.910574605
34.650000,0.913540287
34.700000,0.916460620
34.750000,0.919335284
34.800000,0.922163963
34.850000,0.924946346
34.900000,0.927682130
34.950000,0.930371014
35.000000,0.933012702
35.050000,0.935606906
35.100000,0.938153340
35.150000,0.940651726
35.200000,0.943101790
35.250000,0.945503262
35.300000,0.947855880
35.350000,0.950159386
35.400000,0.952413526
35.450000,0.954618055
35.500000,0.956772729
35.550000,0.958877313
35.600000,0.960931576
35.650000,0.962935292
35.700000,0.964888243
35.750000,0.966790213
35.800000,0.968640995
35.850000,0.970440384
35.900000,0.972188185
35.950000,0.973884205
36.000000,0.975528258
36.050000,0.977120164
36.100000,0.978659749
36.150000,0.980146843
36.200000,0.981581283
36.250000,0.982962913
36.300000,0.984291581
36.350000,0.985567140
36.400000,0.986789451
36.450000,0.987958381
36.500000,0.989073800
36.550000,0.990135587
36.600000,0.991143625
36.650000,0.992097804
36.700000,0.992998019
36.750000,0.993844170
36.800000,0.994636166
36.850000,0.995373920
36.900000,0.996057351
36.950000,0.996686383
37.000000,0.997260948
37.050000,0.997780982
37.100000,0.998246430
37.150000,0.998657239
37.200000,0.999013364
37.250000,0.999314767
37.300000,0.999561415
37.350000,0.999753280
37.400000,0.999890342
37.450000,0.999972585
37.500000,1.000000000
37.550000,0.999972585
37.600000,0.999890342
37.650000,0.999753280
37.700000,0.999561415
37.750000,0.999314767
37.800000,0.999013364
37.850000,0.998657239
37.900000,0.998246430
37.950000,0.997780982
38.000000,0.997260948
38.050000,0.996686383
38.100000,0.996057351
38.150000,0.995373920
38.200000,0.994636166
38.250000,0.993844170
38.300000,0.992998019
38.350000,0.992097804
38.400000,0.991143625
38.450000,0.990135587
38.500000,0.989073800
38.550000,0.987958381
38.600000,0.986789451
38.650000,0.985567140
38.700000,0.984291581
38.750000,0.982962913
38.800000,0.981581283
38.850000,0.980146843
38.900000,0.978659749
38.950000,0.977120164
39.000000,0.975528258
39.050000,0.973884205
39.100000,0.972188185
39.150000,0.970440384
39.200000,0.968640995
39.250000,0.966790213
39.300000,0.964888243
39.350000,0.962935292
39.400000,0.960931576
39.450000,0.958877313
39.500000,0.956772729
39.550000,0.954618055
39.600000,0.952413526
39.650000,0.950159386
39.700000,0.947855880
39.750000,0.945503262
39.800000,0.943101790
39.850000,0.940651726
39.900000,0.938153340
39.950000,0.935606906
40.000000,0.933012702
40.050000,0.930371014
40.100000,0.927682130
40.150000,0.924946346
40.200000,0.922163963
40.250000,0.919335284
40.300000,0.916460620
40.350000,0.913540287
40.400000,0.910574605
40.450000,0.907563898
40.500000,0.904508497
40.550000,0.901408738
40.600000,0.898264959
40.650000,0.895077506
40.700000,0.891846729
40.750000,0.888572981
40.800000,0.885256621
40.850000,0.881898014
40.900000,0.878497528
40.950000,0.875055535
41.000000,0.871572413
41.050000,0.868048544
41.100000,0.864484314
41.150000,0.860880114
41.200000,0.857236340
41.250000,0.853553391
41.300000,0.849831670
41.350000,0.846071587
41.400000,0.842273553
41.450000,0.838437985
41.500000,0.834565303
41.550000,0.830655933
41.600000,0.826710302
41.650000,0.822728844
41.700000,0.818711995
41.750000,0.814660196
41.800000,0.810573890
41.850000,0.806453527
41.900000,0.802299557
41.950000,0.798112437
42.000000,0.793892626
42.050000,0.789640586
42.100000,0.785356784
42.150000,0.781041689
42.200000,0.776695775
42.250000,0.772319518
42.300000,0.767913397
42.350000,0.763477898
42.400000,0.759013505
42.450000,0.754520708
42.500000,0.750000000
42.550000,0.745451877
42.600000,0.740876837
42.650000,0.736275382
42.700000,0.731648018
42.750000,0.726995250
42.800000,0.722317590
42.850000,0.717615550
42.900000,0.712889646
42.950000,0.708140396
43.000000,0.703368322
43.050000,0.698573945
43.100000,0.693757793
43.150000,0.688920393
43.200000,0.684062276
43.250000,0.679183975
43.300000,0.674286024
43.350000,0.669368960
43.400000,0.664433323
43.450000,0.659479655
43.500000,0.654508497
43.550000,0.649520396
43.600000,0.644515898
43.650000,0.639495553
43.700000,0.634459910
43.750000,0.629409523
43.800000,0.624344944
43.850000,0.619266729
43.900000,0.614175435
43.950000,0.609071621
44.000000,0.603955845
44.050000,0.598828670
44.100000,0.593690657
44.150000,0.588542370
44.200000,0.583384373
44.250000,0.578217233
44.300000,0.573041514
44.350000,0.567857786
44.400000,0.562666617
44.450000,0.557468575
44.500000,0.552264232
44.550000,0.547054157
44.600000,0.541838922
44.650000,0.536619099
44.700000,0.531395260
44.750000,0.526167978
44.800000,0.520937827
44.850000,0.515705380
44.900000,0.510471210
44.950000,0.505235892
45.000000,0.500000000
45.050000,0.494764108
45.100000,0.489528790
45.150000,0.484294620
45.200000,0.479062173
45.250000,0.473832022
45.300000,0.468604740
45.350000,0.463380901
45.400000,0.458161078
45.450000,0.452945843
45.500000,0.447735768
45.550000,0.442531425
45.600000,0.437333383
45.650000,0.432142214
45.700000,0.426958486
45.750000,0.421782767
45.800000,0.416615627
45.850000,0.411457630
45.900000,0.406309343
45.950000,0.401171330
46.000000,0.396044155
46.050000,0.390928379
46.100000,0.385824565
46.150000,0.380733271
46.200000,0.375655056
46.250000,0.370590477
46.300000,0.365540090
46.350000,0.360504447
46.400000,0.355484102
46.450000,0.350479604
46.500000,0.345491503
46.550000,0.340520345
46.600000,0.335566677
46.650000,0.330631040
46.700000,0.325713976
46.750000,0.320816025
46.800000,0.315937724
46.850000,0.311079607
46.900000,0.306242207
46.950000,0.301426055
47.000000,0.296631678
47.050000,0.291859604
47.100000,0.287110354
47.150000,0.282384450
47.200000,0.277682410
47.250000,0.273004750
47.300000,0.268351982
47.350000,0.263724618
47.400000,0.259123163
47.450000,0.254548123
47.500000,0.250000000
47.550000,0.245479292
47.600000,0.240986495
47.650000,0.236522102
47.700000,0.232086603
47.750000,0.227680482
47.800000,0.223304225
47.850000,0.218958311
47.900000,0.214643216
47.950000,0.210359414
48.000000,0.206107374
48.050000,0.201887563
48.100000,0.197700443
48.150000,0.193546473
48.200000,0.189426110
48.250000,0.185339804
48.300000,0.181288005
48.350000,0.177271156
48.400000,0.173289698
48.450000,0.169344067
48.500000,0.165434697
48.550000,0.161562015
48.600000,0.157726447
48.650000,0.153928413
48.700000,0.150168330
48.750000,0.146446609
48.800000,0.142763660
48.850000,0.139119886
48.900000,0.135515686
48.950000,0.131951456
49.000000,0.128427587
49.050000,0.124944465
49.100000,0.121502472
49.150000,0.118101986
49.200000,0.114743379
49.250000,0.111427019
49.300000,0.108153271
49.350000,0.104922494
49.400000,0.101735041
49.450000,0.098591262
49.500000,0.095491503
49.550000,0.092436102
49.600000,0.089425395
49.650000,0.086459713
49.700000,0.083539380
49.750000,0.080664716
49.800000,0.077836037
49.850000,0.075053654
49.900000,0.072317870
49.950000,0.069628986
50.000000,0.066987298
50.050000,0.064393094
50.100000,0.061846660
50.150000,0.059348274
50.200000,0.056898210
50.250000,0.054496738
50.300000,0.052144120
50.350000,0.049840614
50.400000,0.047586474
50.450000,0.045381945
50.500000,0.043227271
50.550000,0.041122687
50.600000,0.039068424
50.650000,0.037064708
50.700000,0.035111757
50.750000,0.033209787
50.800000,0.031359005
50.850000,0.029559616
50.900000,0.027811815
50.950000,0.026115795
51.000000,0.024471742
51.050000,0.022879836
51.100000,0.021340251
51.150000,0.019853157
51.200000,0.018418717
51.250000,0.017037087
51.300000,0.015708419
51.350000,0.014432860
51.400000,0.013210549
51.450000,0.012041619
51.500000,0.010926200
51.550000,0.009864413
51.600000,0.008856375
51.650000,0.007902196
51.700000,0.007001981
51.750000,0.006155830
51.800000,0.005363834
51.850000,0.004626080
51.900000,0.003942649
51.950000,0.003313617
52.000000,0.002739052
52.050000,0.002219018
52.100000,0.001753570
52.150000,0.001342761
52.200000,0.000986636
52.250000,0.000685233
52.300000,0.000438585
52.350000,0.000246720
52.400000,0.000109658
52.450000,0.000027415
52.500000,0.000000000
52.550000,0.000027415
52.600000,0.000109658
52.650000,0.000246720
52.700000,0.000438585
52.750000,0.000685233
52.800000,0.000986636
52.850000,0.001342761
52.900000,0.001753570
52.950000,0.002219018
53.000000,0.002739052
53.050000,0.003313617
53.100000,0.003942649
53.150000,0.004626080
53.200000,0.005363834
53.250000,0.006155830
53.300000,0.007001981
53.350000,0.007902196
53.400000,0.008856375
53.450000,0.009864413
53.500000,0.010926200
53.550000,0.012041619
53.600000,0.013210549
53.650000,0.014432860
53.700000,0.015708419
53.750000,0.017037087
53.800000,0.018418717
53.850000,0.019853157
53.900000,0.021340251
53.950000,0.022879836
54.000000,0.024471742
54.050000,0.026115795
54.100000,0.027811815
54.150000,0.029559616
54.200000,0.031359005
54.250000,0.033209787
54.300000,0.035111757
54.350000,0.037064708
54.400000,0.039068424
54.450000,0.041122687
54.500000,0.043227271
54.550000,0.045381945
54.600000,0.047586474
54.650000,0.049840614
54.700000,0.052144120
54.750000,0.054496738
54.800000,0.056898210
54.850000,0.059348274
54.900000,0.061846660
54.950000,0.064393094
55.000000,0.066987298
55.050000,0.069628986
55.100000,0.072317870
55.150000,0.075053654
55.200000,0.077836037
55.250000,0.080664716
55.300000,0.083539380
55.350000,0.086459713
55.400000,0.089425395
55.450000,0.092436102
55.500000,0.095491503
55.550000,0.098591262
55.600000,0.101735041
55.650000,0.104922494
55.700000,0.108153271
55.750000,0.111427019
55.800000,0.114743379
55.850000,0.118101986
55.900000,0.121502472
55.950000,0.124944465
56.000000,0.128427587
56.050000,0.131951456
56.100000,0.135515686
56.150000,0.139119886
56.200000,0.142763660
56.250000,0.146446609
56.300000,0.150168330
56.350000,0.153928413
56.400000,0.157726447
56.450000,0.161562015
56.500000,0.165434697
56.550000,0.169344067
56.600000,0.173289698
56.650000,0.177271156
56.700000,0.181288005
56.750000,0.185339804
56.800000,0.189426110
56.850000,0.193546473
56.900000,0.197700443
56.950000,0.201887563
57.000000,0.206107374
57.050000,0.210359414
57.100000,0.214643216
57.150000,0.218958311
57.200000,0.223304225
57.250000,0.227680482
57.300000,0.232086603
57.350000,0.236522102
57.400000,0.240986495
57.450000,0.245479292
57.500000,0.250000000
57.550000,0.254548123
57.600000,0.259123163
57.650000,0.263724618
57.700000,0.268351982
57.750000,0.273004750
57.800000,0.277682410
57.850000,0.282384450
57.900000,0.287110354
57.950000,0.291859604
58.000000,0.296631678
58.050000,0.301426055
58.100000,0.306242207
58.150000,0.311079607
58.200000,0.315937724
58.250000,0.320816025
58.300000,0.325713976
58.350000,0.330631040
58.400000,0.335566677
58.450000,0.340520345
58.500000,0.345491503
58.550000,0.350479604
58.600000,0.355484102
58.650000,0.360504447
58.700000,0.365540090
58.750000,0.370590477
58.800000,0.375655056
58.850000,0.380733271
58.900000,0.385824565
58.950000,0.390928379
59.000000,0.396044155
59.050000,0.401171330
59.100000,0.406309343
59.150000,0.411457630
59.200000,0.416615627
59.250000,0.421782767
59.300000,0.426958486
59.350000,0.432142214
59.400000,0.437333383
59.450000,0.442531425
59.500000,0.447735768
59.550000,0.452945843
59.600000,0.458161078
59.650000,0.463380901
59.700000,0.468604740
59.750000,0.473832022
59.800000,0.479062173
59.850000,0.484294620
59.900000,0.489528790
59.950000,0.494764108
60.000000,0.500000000
60.050000,0.505235892
60.100000,0.510471210
60.150000,0.515705380
60.200000,0.520937827
60.250000,0.526167978
60.300000,0.531395260
60.350000,0.536619099
60.400000,0.541838922
60.450000,0.547054157
60.500000,0.552264232
60.550000,0.557468575
60.600000,0.562666617
60.650000,0.567857786
60.700000,0.573041514
60.750000,0.578217233
60.800000,0.583384373
60.850000,0.588542370
60.900000,0.593690657
60.950000,0.598828670
61.000000,0.603955845
61.050000,0.609071621
61.100000,0.614175435
61.150000,0.619266729
61.200000,0.624344944
61.250000,0.629409523
61.300000,0.634459910
61.350000,0.639495553
61.400000,0.644515898
61.450000,0.649520396
61.500000,0.654508497
61.550000,0.659479655
61.600000,0.664433323
61.650000,0.669368960
61.700000,0.674286024
61.750000,0.679183975
61.800000,0.684062276
61.850000,0.688920393
61.900000,0.693757793
61.950000,0.698573945
62.000000,0.703368322
62.050000,0.708140396
62.100000,0.712889646
62.150000,0.717615550
62.200000,0.722317590
62.250000,0.726995250
62.300000,0.731648018
62.350000,0.736275382
62.400000,0.740876837
62.450000,0.745451877
62.500000,0.750000000
62.550000,0.754520708
62.600000,0.759013505
62.650000,0.763477898
62.700000,0.767913397
62.750000,0.772319518
62.800000,0.776695775
62.850000,0.781041689
62.900000,0.785356784
62.950000,0.789640586
63.000000,0.793892626
63.050000,0.798112437
63.100000,0.802299557
63.150000,0.806453527
63.200000,0.810573890
63.250000,0.814660196
63.300000,0.818711995
63.350000,0.822728844
63.400000,0.826710302
63.450000,0.830655933
63.500000,0.834565303
63.550000,0.838437985
63.600000,0.842273553
63.650000,0.846071587
63.700000,0.849831670
63.750000,0.853553391
63.800000,0.857236340
63.850000,0.860880114
63.900000,0.864484314
63.950000,0.868048544
64.000000,0.871572413
64.050000,0.875055535
64.100000,0.878497528
64.150000,0.881898014
64.200000,0.885256621
64.250000,0.888572981
64.300000,0.891846729
64.350000,0.895077506
64.400000,0.898264959
64.450000,0.901408738
64.500000,0.904508497
64.550000,0.907563898
64.600000,0.910574605
64.650000,0.913540287
64.700000,0.916460620
64.750000,0.919335284
64.800000,0.922163963
64.850000,0.924946346
64.900000,0.927682130
64.950000,0.930371014
65.000000,0.933012702
65.050000,0.935606906
65.100000,0.938153340
65.150000,0.940651726
65.200000,0.943101790
65.250000,0.945503262
65.300000,0.947855880
65.350000,0.950159386
65.400000,0.952413526
65.450000,0.954618055
65.500000,0.956772729
65.550000,0.958877313
65.600000,0.960931576
65.650000,0.962935292
65.700000,0.964888243
65.750000,0.966790213
65.800000,0.968640995
65.850000,0.970440384
65.900000,0.972188185
65.950000,0.973884205
66.000000,0.975528258
66.050000,0.977120164
66.100000,0.978659749
66.150000,0.980146843
66.200000,0.981581283
66.250000,0.982962913
66.300000,0.984291581
66.350000,0.985567140
66.400000,0.986789451
66.450000,0.987958381
66.500000,0.989073800
66.550000,0.990135587
66.600000,0.991143625
66.650000,0.992097804
66.700000,0.992998019
66.750000,0.993844170
66.800000,0.994636166
66.850000,0.995373920
66.900000,0.996057351
66.950000,0.996686383
67.000000,0.997260948
67.050000,0.997780982
67.100000,0.998246430
67.150000,0.998657239
67.200000,0.999013364
67.250000,0.999314767
67.300000,0.999561415
67.350000,0.999753280
67.400000,0.999890342
67.450000,0.999972585
67.500000,1.000000000
67.550000,0.999972585
67.600000,0.999890342
67.650000,0.999753280
67.700000,0.999561415
67.750000,0.999314767
67.800000,0.999013364
67.850000,0.998657239
67.900000,0.998246430
67.950000,0.997780982
68.000000,0.997260948
68.050000,0.996686383
68.100000,0.996057351
68.150000,0.995373920
68.200000,0.994636166
68.250000,0.993844170
68.300000,0.992998019
68.350000,0.992097804
68.400000,0.991143625
68.450000,0.990135587
68.500000,0.989073800
68.550000,0.987958381
68.600000,0.986789451
68.650000,0.985567140
68.700000,0.984291581
68.750000,0.982962913
68.800000,0.981581283
68.850000,0.980146843
68.900000,0.978659749
68.950000,0.977120164
69.000000,0.975528258
69.050000,0.973884205
69.100000,0.972188185
69.150000,0.970440384
69.200000,0.968640995
69.250000,0.966790213
69.300000,0.964888243
69.350000,0.962935292
69.400000,0.960931576
69.450000,0.958877313
69.500000,0.956772729
69.550000,0.954618055
69.600000,0.952413526
69.650000,0.950159386
69.700000,0.947855880
69.750000,0.945503262
69.800000,0.943101790
69.850000,0.940651726
69.900000,0.938153340
69.950000,0.935606906
70.000000,0.933012702
70.050000,0.930371014
70.100000,0.927682130
70.150000,0.924946346
70.200000,0.922163963
70.250000,0.919335284
70.300000,0.916460620
70.350000,0.913540287
70.400000,0.910574605
70.450000,0.907563898
70.500000,0.904508497
70.550000,0.901408738
70.600000,0.898264959
70.650000,0.895077506
70.700000,0.891846729
70.750000,0.888572981
70.800000,0.885256621
70.850000,0.881898014
70.900000,0.878497528
70.950000,0.875055535
71.000000,0.871572413
71.050000,0.868048544
71.100000,0.864484314
71.150000,0.860880114
71.200000,0.857236340
71.250000,0.853553391
71.300000,0.849831670
71.350000,0.846071587
71.400000,0.842273553
71.450000,0.838437985
71.500000,0.834565303
71.550000,0.830655933
71.600000,0.826710302
71.650000,0.822728844
71.700000,0.818711995
71.750000,0.814660196
71.800000,0.810573890
71.850000,0.806453527
71.900000,0.802299557
71.950000,0.798112437
72.000000,0.793892626
72.050000,0.789640586
72.100000,0.785356784
72.150000,0.781041689
72.200000,0.776695775
72.250000,0.772319518
72.300000,0.767913397
72.350000,0.763477898
72.400000,0.759013505
72.450000,0.754520708
72.500000,0.750000000
72.550000,0.745451877
72.600000,0.740876837
72.650000,0.736275382
72.700000,0.731648018
72.750000,0.726995250
72.800000,0.722317590
72.850000,0.717615550
72.900000,0.712889646
72.950000,0.708140396
73.000000,0.703368322
73.050000,0.698573945
73.100000,0.693757793
73.150000,0.688920393
73.200000,0.684062276
73.250000,0.679183975
73.300000,0.674286024
73.350000,0.669368960
73.400000,0.664433323
73.450000,0.659479655
73.500000,0.654508497
73.550000,0.649520396
73.600000,0.644515898
73.650000,0.639495553
73.700000,0.634459910
73.750000,0.629409523
73.800000,0.624344944
73.850000,0.619266729
73.900000,0.614175435
73.950000,0.609071621
74.000000,0.603955845
74.050000,0.598828670
74.100000,0.593690657
74.150000,0.588542370
74.200000,0.583384373
74.250000,0.578217233
74.300000,0.573041514
74.350000,0.567857786
74.400000,0.562666617
74.450000,0.557468575
74.500000,0.552264232
74.550000,0.547054157
74.600000,0.541838922
74.650000,0.536619099
74.700000,0.531395260
74.750000,0.526167978
74.800000,0.520937827
74.850000,0.515705380
74.900000,0.510471210
74.950000,0.505235892
75.000000,0.500000000
75.050000,0.494764108
75.100000,0.489528790
75.150000,0.484294620
75.200000,0.479062173
75.250000,0.473832022
75.300000,0.468604740
75.350000,0.463380901
75.400000,0.458161078
75.450000,0.452945843
75.500000,0.447735768
75.550000,0.442531425
75.600000,0.437333383
75.650000,0.432142214
75.700000,0.426958486
75.750000,0.421782767
75.800000,0.416615627
75.850000,0.411457630
75.900000,0.406309343
75.950000,0.401171330
76.000000,0.396044155
76.050000,0.390928379
76.100000,0.385824565
76.150000,0.380733271
76.200000,0.375655056
76.250000,0.370590477
76.300000,0.365540090
76.350000,0.360504447
76.400000,0.355484102
76.450000,0.350479604
76.500000,0.345491503
76.550000,0.340520345
76.600000,0.335566677
76.650000,0.330631040
76.700000,0.325713976
76.750000,0.320816025
76.800000,0.315937724
76.850000,0.311079607
76.900000,0.306242207
76.950000,0.301426055
77.000000,0.296631678
77.050000,0.291859604
77.100000,0.287110354
77.150000,0.282384450
77.200000,0.277682410
77.250000,0.273004750
77.300000,0.268351982
77.350000,0.263724618
77.400000,0.259123163
77.450000,0.254548123
77.500000,0.250000000
77.550000,0.245479292
77.600000,0.240986495
77.650000,0.236522102
77.700000,0.232086603
77.750000,0.227680482
77.800000,0.223304225
77.850000,0.218958311
77.900000,0.214643216
77.950000,0.210359414
78.000000,0.206107374
78.050000,0.201887563
78.100000,0.197700443
78.150000,0.193546473
78.200000,0.189426110
78.250000,0.185339804
78.300000,0.181288005
78.350000,0.177271156
78.400000,0.173289698
78.450000,0.169344067
78.500000,0.165434697
78.550000,0.161562015
78.600000,0.157726447
78.650000,0.153928413
78.700000,0.150168330
78.750000,0.146446609
78.800000,0.142763660
78.850000,0.139119886
78.900000,0.135515686
78.950000,0.131951456
79.000000,0.128427587
79.050000,0.124944465
79.100000,0.121502472
79.150000,0.118101986
79.200000,0.114743379
79.250000,0.111427019
79.300000,0.108153271
79.350000,0.104922494
79.400000,0.101735041
79.450000,0.098591262
79.500000,0.095491503
79.550000,0.092436102
79.600000,0.089425395
79.650000,0.086459713
79.700000,0.083539380
79.750000,0.080664716
79.800000,0.077836037
79.850000,0.075053654
79.900000,0.072317870
79.950000,0.069628986
80.000000,0.066987298
80.050000,0.064393094
80.100000,0.061846660
80.150000,0.059348274
80.200000,0.056898210
80.250000,0.054496738
80.300000,0.052144120
80.350000,0.049840614
80.400000,0.047586474
80.450000,0.045381945
80.500000,0.043227271
80.550000,0.041122687
80.600000,0.039068424
80.650000,0.037064708
80.700000,0.035111757
80.750000,0.033209787
80.800000,0.031359005
80.850000,0.029559616
80.900000,0.027811815
80.950000,0.026115795
81.000000,0.024471742
81.050000,0.022879836
81.100000,0.021340251
81.150000,0.019853157
81.200000,0.018418717
81.250000,0.017037087
81.300000,0.015708419
81.350000,0.014432860
81.400000,0.013210549
81.450000,0.012041619
81.500000,0.010926200
81.550000,0.009864413
81.600000,0.008856375
81.650000,0.007902196
81.700000,0.007001981
81.750000,0.006155830
81.800000,0.005363834
81.850000,0.004626080
81.900000,0.003942649
81.950000,0.003313617
82.000000,0.002739052
82.050000,0.002219018
82.100000,0.001753570
82.150000,0.001342761
82.200000,0.000986636
82.250000,0.000685233
82.300000,0.000438585
82.350000,0.000246720
82.400000,0.000109658
82.450000,0.000027415
82.500000,0.000000000
82.550000,0.000027415
82.600000,0.000109658
82.650000,0.000246720
82.700000,0.000438585
82.750000,0.000685233
82.800000,0.000986636
82.850000,0.001342761
82.900000,0.001753570
82.950000,0.002219018
83.000000,0.002739052
83.050000,0.003313617
83.100000,0.003942649
83.150000,0.004626080
83.200000,0.005363834
83.250000,0.006155830
83.300000,0.007001981
83.350000,0.007902196
83.400000,0.008856375
83.450000,0.009864413
83.500000,0.010926200
83.550000,0.012041619
83.600000,0.013210549
83.650000,0.014432860
83.700000,0.015708419
83.750000,0.017037087
83.800000,0.018418717
83.850000,0.019853157
83.900000,0.021340251
83.950000,0.022879836
84.000000,0.024471742
84.050000,0.026115795
84.100000,0.027811815
84.150000,0.029559616
84.200000,0.031359005
84.250000,0.033209787
84.300000,0.035111757
84.350000,0.037064708
84.400000,0.039068424
84.450000,0.041122687
84.500000,0.043227271
84.550000,0.045381945
84.600000,0.047586474
84.650000,0.049840614
84.700000,0.052144120
84.750000,0.054496738
84.800000,0.056898210
84.850000,0.059348274
84.900000,0.061846660
84.950000,0.064393094
85.000000,0.066987298
85.050000,0.069628986
85.100000,0.072317870
85.150000,0.075053654
85.200000,0.077836037
85.250000,0.080664716
85.300000,0.083539380
85.350000,0.086459713
85.400000,0.089425395
85.450000,0.092436102
85.500000,0.095491503
85.550000,0.098591262
85.600000,0.101735041
85.650000,0.104922494
85.700000,0.108153271
85.750000,0.111427019
85.800000,0.114743379
85.850000,0.118101986
85.900000,0.121502472
85.950000,0.124944465
86.000000,0.128427587
86.050000,0.131951456
86.100000,0.135515686
86.150000,0.139119886
86.200000,0.142763660
86.250000,0.146446609
86.300000,0.150168330
86.350000,0.153928413
86.400000,0.157726447
86.450000,0.161562015
86.500000,0.165434697
86.550000,0.169344067
86.600000,0.173289698
86.650000,0.177271156
86.700000,0.181288005
86.750000,0.185339804
86.800000,0.189426110
86.850000,0.193546473
86.900000,0.197700443
86.950000,0.201887563
87.000000,0.206107374
87.050000,0.210359414
87.100000,0.214643216
87.150000,0.218958311
87.200000,0.223304225
87.250000,0.227680482
87.300000,0.232086603
87.350000,0.236522102
87.400000,0.240986495
87.450000,0.245479292
87.500000,0.250000000
87.550000,0.254548123
87.600000,0.259123163
87.650000,0.263724618
87.700000,0.268351982
87.750000,0.273004750
87.800000,0.277682410
87.850000,0.282384450
87.900000,0.287110354
87.950000,0.291859604
88.000000,0.296631678
88.050000,0.301426055
88.100000,0.306242207
88.150000,0.311079607
88.200000,0.315937724
88.250000,0.320816025
88.300000,0.325713976
88.350000,0.330631040
88.400000,0.335566677
88.450000,0.340520345
88.500000,0.345491503
88.550000,0.350479604
88.600000,0.355484102
88.650000,0.360504447
88.700000,0.365540090
88.750000,0.370590477
88.800000,0.375655056
88.850000,0.380733271
88.900000,0.385824565
88.950000,0.390928379
89.000000,0.396044155
89.050000,0.401171330
89.100000,0.406309343
89.150000,0.411457630
89.200000,0.416615627
89.250000,0.421782767
89.300000,0.426958486
89.350000,0.432142214
89.400000,0.437333383
89.450000,0.442531425
89.500000,0.447735768
89.550000,0.452945843
89.600000,0.458161078
89.650000,0.463380901
89.700000,0.468604740
89.750000,0.473832022
89.800000,0.479062173
89.850000,0.484294620
89.900000,0.489528790
89.950000,0.494764108
