time_min,C_in,C_f,S,T_min,tau_transport_min,tau_sensor_min,topology
0.000000,0.0000004538,0.0000000004,0.0000000001,10,5,1,plug
0.050000,0.0000004836,0.0000000004,0.0000000002,10,5,1,plug
0.100000,0.0000005153,0.0000000005,0.0000000002,10,5,1,plug
0.150000,0.0000005490,0.0000000005,0.0000000002,10,5,1,plug
0.200000,0.0000005848,0.0000000005,0.0000000002,10,5,1,plug
0.250000,0.0000006228,0.0000000006,0.0000000002,10,5,1,plug
0.300000,0.0000006632,0.0000000006,0.0000000002,10,5,1,plug
0.350000,0.0000007061,0.0000000007,0.0000000003,10,5,1,plug
0.400000,0.0000007518,0.0000000007,0.0000000003,10,5,1,plug
0.450000,0.0000008002,0.0000000008,0.0000000003,10,5,1,plug
0.500000,0.0000008517,0.0000000008,0.0000000003,10,5,1,plug
0.550000,0.0000009063,0.0000000009,0.0000000003,10,5,1,plug
0.600000,0.0000009643,0.0000000010,0.0000000004,10,5,1,plug
0.650000,0.0000010259,0.0000000011,0.0000000004,10,5,1,plug
0.700000,0.0000010913,0.0000000011,0.0000000004,10,5,1,plug
0.750000,0.0000011607,0.0000000012,0.0000000005,10,5,1,plug
0.800000,0.0000012343,0.0000000013,0.0000000005,10,5,1,plug
0.850000,0.0000013124,0.0000000014,0.0000000005,10,5,1,plug
0.900000,0.0000013952,0.0000000015,0.0000000006,10,5,1,plug
0.950000,0.0000014831,0.0000000017,0.0000000006,10,5,1,plug
1.000000,0.0000015763,0.0000000018,0.0000000007,10,5,1,plug
1.050000,0.0000016751,0.0000000019,0.0000000007,10,5,1,plug
1.100000,0.0000017798,0.0000000021,0.0000000008,10,5,1,plug
1.150000,0.0000018909,0.0000000022,0.0000000009,10,5,1,plug
1.200000,0.0000020086,0.0000000024,0.0000000009,10,5,1,plug
1.250000,0.0000021333,0.0000000026,0.0000000010,10,5,1,plug
1.300000,0.0000022655,0.0000000028,0.0000000011,10,5,1,plug
1.350000,0.0000024055,0.0000000030,0.0000000012,10,5,1,plug
1.400000,0.0000025538,0.0000000032,0.0000000013,10,5,1,plug
1.450000,0.0000027108,0.0000000035,0.0000000013,10,5,1,plug
1.500000,0.0000028772,0.0000000038,0.0000000015,10,5,1,plug
1.550000,0.0000030533,0.0000000040,0.0000000016,10,5,1,plug
1.600000,0.0000032397,0.0000000043,0.0000000017,10,5,1,plug
1.650000,0.0000034371,0.0000000047,0.0000000018,10,5,1,plug
1.700000,0.0000036460,0.0000000050,0.0000000020,10,5,1,plug
1.750000,0.0000038670,0.0000000054,0.0000000021,10,5,1,plug
1.800000,0.0000041009,0.0000000058,0.0000000023,10,5,1,plug
1.850000,0.0000043483,0.0000000063,0.0000000024,10,5,1,plug
1.900000,0.0000046100,0.0000000067,0.0000000026,10,5,1,plug
1.950000,0.0000048867,0.0000000072,0.0000000028,10,5,1,plug
2.000000,0.0000051794,0.0000000078,0.0000000030,10,5,1,plug
2.050000,0.0000054888,0.0000000083,0.0000000033,10,5,1,plug
2.100000,0.0000058159,0.0000000090,0.0000000035,10,5,1,plug
2.150000,0.0000061617,0.0000000096,0.0000000038,10,5,1,plug
2.200000,0.0000065271,0.0000000103,0.0000000041,10,5,1,plug
2.250000,0.0000069132,0.0000000111,0.0000000044,10,5,1,plug
2.300000,0.0000073211,0.0000000119,0.0000000047,10,5,1,plug
2.350000,0.0000077520,0.0000000128,0.0000000051,10,5,1,plug
2.400000,0.0000082072,0.0000000137,0.0000000054,10,5,1,plug
2.450000,0.0000086879,0.0000000148,0.0000000058,10,5,1,plug
2.500000,0.0000091954,0.0000000158,0.0000000063,10,5,1,plug
2.550000,0.0000097312,0.0000000170,0.0000000067,10,5,1,plug
2.600000,0.0000102969,0.0000000182,0.0000000072,10,5,1,plug
2.650000,0.0000108939,0.0000000196,0.0000000078,10,5,1,plug
2.700000,0.0000115239,0.0000000210,0.0000000084,10,5,1,plug
2.750000,0.0000121887,0.0000000225,0.0000000090,10,5,1,plug
2.800000,0.0000128901,0.0000000241,0.0000000096,10,5,1,plug
2.850000,0.0000136299,0.0000000259,0.0000000103,10,5,1,plug
2.900000,0.0000144101,0.0000000277,0.0000000111,10,5,1,plug
2.950000,0.0000152329,0.0000000297,0.0000000119,10,5,1,plug
3.000000,0.0000161005,0.0000000319,0.0000000128,10,5,1,plug
3.050000,0.0000170151,0.0000000341,0.0000000137,10,5,1,plug
3.100000,0.0000179792,0.0000000366,0.0000000147,10,5,1,plug
3.150000,0.0000189953,0.0000000392,0.0000000158,10,5,1,plug
3.200000,0.0000200660,0.0000000420,0.0000000169,10,5,1,plug
3.250000,0.0000211942,0.0000000449,0.0000000181,10,5,1,plug
3.300000,0.0000223826,0.0000000481,0.0000000194,10,5,1,plug
3.350000,0.0000236345,0.0000000515,0.0000000208,10,5,1,plug
3.400000,0.0000249528,0.0000000552,0.0000000223,10,5,1,plug
3.450000,0.0000263411,0.0000000590,0.0000000239,10,5,1,plug
3.500000,0.0000278028,0.0000000632,0.0000000256,10,5,1,plug
3.550000,0.0000293414,0.0000000676,0.0000000275,10,5,1,plug
3.600000,0.0000309610,0.0000000723,0.0000000294,10,5,1,plug
3.650000,0.0000326654,0.0000000774,0.0000000315,10,5,1,plug
3.700000,0.0000344589,0.0000000828,0.0000000338,10,5,1,plug
3.750000,0.0000363457,0.0000000885,0.0000000362,10,5,1,plug
3.800000,0.0000383306,0.0000000947,0.0000000387,10,5,1,plug
3.850000,0.0000404183,0.0000001012,0.0000000414,10,5,1,plug
3.900000,0.0000426138,0.0000001082,0.0000000444,10,5,1,plug
3.950000,0.0000449223,0.0000001157,0.0000000475,10,5,1,plug
4.000000,0.0000473494,0.0000001236,0.0000000508,10,5,1,plug
4.050000,0.0000499006,0.0000001321,0.0000000543,10,5,1,plug
4.100000,0.0000525820,0.0000001411,0.0000000581,10,5,1,plug
4.150000,0.0000553998,0.0000001508,0.0000000622,10,5,1,plug
4.200000,0.0000583605,0.0000001611,0.0000000665,10,5,1,plug
4.250000,0.0000614709,0.0000001720,0.0000000711,10,5,1,plug
4.300000,0.0000647381,0.0000001837,0.0000000760,10,5,1,plug
4.350000,0.0000681694,0.0000001961,0.0000000813,10,5,1,plug
4.400000,0.0000717728,0.0000002094,0.0000000869,10,5,1,plug
4.450000,0.0000755561,0.0000002235,0.0000000929,10,5,1,plug
4.500000,0.0000795278,0.0000002385,0.0000000992,10,5,1,plug
4.550000,0.0000836967,0.0000002545,0.0000001060,10,5,1,plug
4.600000,0.0000880719,0.0000002716,0.0000001133,10,5,1,plug
4.650000,0.0000926630,0.0000002897,0.0000001210,10,5,1,plug
4.700000,0.0000974799,0.0000003090,0.0000001292,10,5,1,plug
4.750000,0.0001025329,0.0000003296,0.0000001380,10,5,1,plug
4.800000,0.0001078330,0.0000003515,0.0000001473,10,5,1,plug
4.850000,0.0001133913,0.0000003747,0.0000001573,10,5,1,plug
4.900000,0.0001192195,0.0000003995,0.0000001679,10,5,1,plug
4.950000,0.0001253300,0.0000004258,0.0000001792,10,5,1,plug
5.000000,0.0001317353,0.0000004538,0.0000001912,10,5,1,plug
5.050000,0.0001384489,0.0000004836,0.0000002040,10,5,1,plug
5.100000,0.0001454844,0.0000005153,0.0000002177,10,5,1,plug
5.150000,0.0001528562,0.0000005490,0.0000002322,10,5,1,plug
5.200000,0.0001605793,0.0000005848,0.0000002476,10,5,1,plug
5.250000,0.0001686693,0.0000006228,0.0000002641,10,5,1,plug
5.300000,0.0001771422,0.0000006632,0.0000002816,10,5,1,plug
5.350000,0.0001860149,0.0000007061,0.0000003002,10,5,1,plug
5.400000,0.0001953051,0.0000007518,0.0000003200,10,5,1,plug
5.450000,0.0002050307,0.0000008002,0.0000003410,10,5,1,plug
5.500000,0.0002152108,0.0000008517,0.0000003634,10,5,1,plug
5.550000,0.0002258651,0.0000009063,0.0000003872,10,5,1,plug
5.600000,0.0002370140,0.0000009643,0.0000004126,10,5,1,plug
5.650000,0.0002486786,0.0000010259,0.0000004395,10,5,1,plug
5.700000,0.0002608812,0.0000010913,0.0000004681,10,5,1,plug
5.750000,0.0002736447,0.0000011607,0.0000004985,10,5,1,plug
5.800000,0.0002869927,0.0000012343,0.0000005308,10,5,1,plug
5.850000,0.0003009502,0.0000013124,0.0000005651,10,5,1,plug
5.900000,0.0003155427,0.0000013952,0.0000006015,10,5,1,plug
5.950000,0.0003307968,0.0000014831,0.0000006402,10,5,1,plug
6.000000,0.0003467404,0.0000015763,0.0000006813,10,5,1,plug
6.050000,0.0003634020,0.0000016751,0.0000007250,10,5,1,plug
6.100000,0.0003808114,0.0000017798,0.0000007713,10,5,1,plug
6.150000,0.0003989995,0.0000018909,0.0000008205,10,5,1,plug
6.200000,0.0004179983,0.0000020086,0.0000008727,10,5,1,plug
6.250000,0.0004378411,0.0000021333,0.0000009281,10,5,1,plug
6.300000,0.0004585622,0.0000022655,0.0000009869,10,5,1,plug
6.350000,0.0004801974,0.0000024055,0.0000010492,10,5,1,plug
6.400000,0.0005027837,0.0000025538,0.0000011154,10,5,1,plug
6.450000,0.0005263593,0.0000027108,0.0000011855,10,5,1,plug
6.500000,0.0005509640,0.0000028772,0.0000012599,10,5,1,plug
6.550000,0.0005766388,0.0000030533,0.0000013388,10,5,1,plug
6.600000,0.0006034265,0.0000032397,0.0000014224,10,5,1,plug
6.650000,0.0006313710,0.0000034371,0.0000015110,10,5,1,plug
6.700000,0.0006605180,0.0000036460,0.0000016050,10,5,1,plug
6.750000,0.0006909148,0.0000038670,0.0000017045,10,5,1,plug
6.800000,0.0007226103,0.0000041009,0.0000018100,10,5,1,plug
6.850000,0.0007556550,0.0000043483,0.0000019217,10,5,1,plug
6.900000,0.0007901012,0.0000046100,0.0000020401,10,5,1,plug
6.950000,0.0008260031,0.0000048867,0.0000021654,10,5,1,plug
7.000000,0.0008634167,0.0000051794,0.0000022981,10,5,1,plug
7.050000,0.0009023998,0.0000054888,0.0000024386,10,5,1,plug
7.100000,0.0009430122,0.0000058159,0.0000025874,10,5,1,plug
7.150000,0.0009853158,0.0000061617,0.0000027449,10,5,1,plug
7.200000,0.0010293743,0.0000065271,0.0000029115,10,5,1,plug
7.250000,0.0010752538,0.0000069132,0.0000030878,10,5,1,plug
7.300000,0.0011230225,0.0000073211,0.0000032744,10,5,1,plug
7.350000,0.0011727508,0.0000077520,0.0000034718,10,5,1,plug
7.400000,0.0012245112,0.0000082072,0.0000036805,10,5,1,plug
7.450000,0.0012783788,0.0000086879,0.0000039013,10,5,1,plug
7.500000,0.0013344312,0.0000091954,0.0000041347,10,5,1,plug
7.550000,0.0013927481,0.0000097312,0.0000043815,10,5,1,plug
7.600000,0.0014534120,0.0000102969,0.0000046424,10,5,1,plug
7.650000,0.0015165080,0.0000108939,0.0000049182,10,5,1,plug
7.700000,0.0015821237,0.0000115239,0.0000052097,10,5,1,plug
7.750000,0.0016503497,0.0000121887,0.0000055176,10,5,1,plug
7.800000,0.0017212791,0.0000128901,0.0000058430,10,5,1,plug
7.850000,0.0017950080,0.0000136299,0.0000061866,10,5,1,plug
7.900000,0.0018716355,0.0000144101,0.0000065497,10,5,1,plug
7.950000,0.0019512636,0.0000152329,0.0000069330,10,5,1,plug
8.000000,0.0020339974,0.0000161005,0.0000073378,10,5,1,plug
8.050000,0.0021199452,0.0000170151,0.0000077652,10,5,1,plug
8.100000,0.0022092184,0.0000179792,0.0000082163,10,5,1,plug
8.150000,0.0023019318,0.0000189953,0.0000086924,10,5,1,plug
8.200000,0.0023982036,0.0000200660,0.0000091949,10,5,1,plug
8.250000,0.0024981553,0.0000211942,0.0000097251,10,5,1,plug
8.300000,0.0026019119,0.0000223826,0.0000102845,10,5,1,plug
8.350000,0.0027096022,0.0000236345,0.0000108745,10,5,1,plug
8.400000,0.0028213585,0.0000249528,0.0000114968,10,5,1,plug
8.450000,0.0029373168,0.0000263411,0.0000121531,10,5,1,plug
8.500000,0.0030576170,0.0000278028,0.0000128450,10,5,1,plug
8.550000,0.0031824030,0.0000293414,0.0000135745,10,5,1,plug
8.600000,0.0033118224,0.0000309610,0.0000143435,10,5,1,plug
8.650000,0.0034460272,0.0000326654,0.0000151539,10,5,1,plug
8.700000,0.0035851731,0.0000344589,0.0000160080,10,5,1,plug
8.750000,0.0037294206,0.0000363457,0.0000169078,10,5,1,plug
8.800000,0.0038789338,0.0000383306,0.0000178558,10,5,1,plug
8.850000,0.0040338818,0.0000404183,0.0000188544,10,5,1,plug
8.900000,0.0041944377,0.0000426138,0.0000199061,10,5,1,plug
8.950000,0.0043607793,0.0000449223,0.0000210136,10,5,1,plug
9.000000,0.0045330891,0.0000473494,0.0000221796,10,5,1,plug
9.050000,0.0047115542,0.0000499006,0.0000234071,10,5,1,plug
9.100000,0.0048963664,0.0000525820,0.0000246992,10,5,1,plug
9.150000,0.0050877224,0.0000553998,0.0000260591,10,5,1,plug
9.200000,0.0052858240,0.0000583605,0.0000274901,10,5,1,plug
9.250000,0.0054908777,0.0000614709,0.0000289956,10,5,1,plug
9.300000,0.0057030953,0.0000647381,0.0000305795,10,5,1,plug
9.350000,0.0059226937,0.0000681694,0.0000322454,10,5,1,plug
9.400000,0.0061498950,0.0000717728,0.0000339974,10,5,1,plug
9.450000,0.0063849266,0.0000755561,0.0000358398,10,5,1,plug
9.500000,0.0066280215,0.0000795278,0.0000377767,10,5,1,plug
9.550000,0.0068794179,0.0000836967,0.0000398130,10,5,1,plug
9.600000,0.0071393596,0.0000880719,0.0000419532,10,5,1,plug
9.650000,0.0074080961,0.0000926630,0.0000442024,10,5,1,plug
9.700000,0.0076858825,0.0000974799,0.0000465659,10,5,1,plug
9.750000,0.0079729798,0.0001025329,0.0000490490,10,5,1,plug
9.800000,0.0082696546,0.0001078330,0.0000516574,10,5,1,plug
9.850000,0.0085761794,0.0001133913,0.0000543971,10,5,1,plug
9.900000,0.0088928330,0.0001192195,0.0000572743,10,5,1,plug
9.950000,0.0092198997,0.0001253300,0.0000602954,10,5,1,plug
10.000000,0.0095576702,0.0001317353,0.0000634672,10,5,1,plug
10.050000,0.0099064413,0.0001384489,0.0000667967,10,5,1,plug
10.100000,0.0102665159,0.0001454844,0.0000702912,10,5,1,plug
10.150000,0.0106382032,0.0001528562,0.0000739584,10,5,1,plug
10.200000,0.0110218188,0.0001605793,0.0000778063,10,5,1,plug
10.250000,0.0114176844,0.0001686693,0.0000818432,10,5,1,plug
10.300000,0.0118261284,0.0001771422,0.0000860777,10,5,1,plug
10.350000,0.0122474853,0.0001860149,0.0000905190,10,5,1,plug
10.400000,0.0126820964,0.0001953051,0.0000951764,10,5,1,plug
10.450000,0.0131303093,0.0002050307,0.0001000597,10,5,1,plug
10.500000,0.0135924784,0.0002152108,0.0001051792,10,5,1,plug
10.550000,0.0140689643,0.0002258651,0.0001105455,10,5,1,plug
10.600000,0.0145601346,0.0002370140,0.0001161697,10,5,1,plug
10.650000,0.0150663634,0.0002486786,0.0001220634,10,5,1,plug
10.700000,0.0155880313,0.0002608812,0.0001282385,10,5,1,plug
10.750000,0.0161255259,0.0002736447,0.0001347075,10,5,1,plug
10.800000,0.0166792411,0.0002869927,0.0001414836,10,5,1,plug
10.850000,0.0172495780,0.0003009502,0.0001485801,10,5,1,plug
10.900000,0.0178369439,0.0003155427,0.0001560113,10,5,1,plug
10.950000,0.0184417530,0.0003307968,0.0001637918,10,5,1,plug
11.000000,0.0190644263,0.0003467404,0.0001719367,10,5,1,plug
11.050000,0.0197053915,0.0003634020,0.0001804620,10,5,1,plug
11.100000,0.0203650827,0.0003808114,0.0001893841,10,5,1,plug
11.150000,0.0210439409,0.0003989995,0.0001987201,10,5,1,plug
11.200000,0.0217424136,0.0004179983,0.0002084878,10,5,1,plug
11.250000,0.0224609550,0.0004378411,0.0002187058,10,5,1,plug
11.300000,0.0232000258,0.0004585622,0.0002293931,10,5,1,plug
11.350000,0.0239600931,0.0004801974,0.0002405698,10,5,1,plug
11.400000,0.0247416307,0.0005027837,0.0002522566,10,5,1,plug
11.450000,0.0255451187,0.0005263593,0.0002644750,10,5,1,plug
11.500000,0.0263710434,0.0005509640,0.0002772472,10,5,1,plug
11.550000,0.0272198976,0.0005766388,0.0002905965,10,5,1,plug
11.600000,0.0280921802,0.0006034265,0.0003045470,10,5,1,plug
11.650000,0.0289883962,0.0006313710,0.0003191235,10,5,1,plug
11.700000,0.0299090567,0.0006605180,0.0003343520,10,5,1,plug
11.750000,0.0308546787,0.0006909148,0.0003502593,10,5,1,plug
11.800000,0.0318257851,0.0007226103,0.0003668733,10,5,1,plug
11.850000,0.0328229044,0.0007556550,0.0003842228,10,5,1,plug
11.900000,0.0338465709,0.0007901012,0.0004023377,10,5,1,plug
11.950000,0.0348973241,0.0008260031,0.0004212492,10,5,1,plug
12.000000,0.0359757092,0.0008634167,0.0004409893,10,5,1,plug
12.050000,0.0370822763,0.0009023998,0.0004615913,10,5,1,plug
12.100000,0.0382175807,0.0009430122,0.0004830898,10,5,1,plug
12.150000,0.0393821827,0.0009853158,0.0005055205,10,5,1,plug
12.200000,0.0405766472,0.0010293743,0.0005289203,10,5,1,plug
12.250000,0.0418015436,0.0010752538,0.0005533278,10,5,1,plug
12.300000,0.0430574459,0.0011230225,0.0005787824,10,5,1,plug
12.350000,0.0443449322,0.0011727508,0.0006053253,10,5,1,plug
12.400000,0.0456645845,0.0012245112,0.0006329990,10,5,1,plug
12.450000,0.0470169887,0.0012783788,0.0006618474,10,5,1,plug
12.500000,0.0484027342,0.0013344312,0.0006919160,10,5,1,plug
12.550000,0.0498224138,0.0013927481,0.0007232518,10,5,1,plug
12.600000,0.0512766234,0.0014534120,0.0007559035,10,5,1,plug
12.650000,0.0527659617,0.0015165080,0.0007899214,10,5,1,plug
12.700000,0.0542910301,0.0015821237,0.0008253575,10,5,1,plug
12.750000,0.0558524322,0.0016503497,0.0008622654,10,5,1,plug
12.800000,0.0574507740,0.0017212791,0.0009007007,10,5,1,plug
12.850000,0.0590866628,0.0017950080,0.0009407208,10,5,1,plug
12.900000,0.0607607079,0.0018716355,0.0009823849,10,5,1,plug
12.950000,0.0624735195,0.0019512636,0.0010257541,10,5,1,plug
13.000000,0.0642257088,0.0020339974,0.0010708918,10,5,1,plug
13.050000,0.0660178875,0.0021199452,0.0011178630,10,5,1,plug
13.100000,0.0678506676,0.0022092184,0.0011667351,10,5,1,plug
13.150000,0.0697246612,0.0023019318,0.0012175776,10,5,1,plug
13.200000,0.0716404796,0.0023982036,0.0012704622,10,5,1,plug
13.250000,0.0735987335,0.0024981553,0.0013254628,10,5,1,plug
13.300000,0.0756000325,0.0026019119,0.0013826557,10,5,1,plug
13.350000,0.0776449847,0.0027096022,0.0014421195,10,5,1,plug
13.400000,0.0797341961,0.0028213585,0.0015039354,10,5,1,plug
13.450000,0.0818682705,0.0029373168,0.0015681868,10,5,1,plug
13.500000,0.0840478090,0.0030576170,0.0016349601,10,5,1,plug
13.550000,0.0862734095,0.0031824030,0.0017043439,10,5,1,plug
13.600000,0.0885456666,0.0033118224,0.0017764297,10,5,1,plug
13.650000,0.0908651708,0.0034460272,0.0018513117,10,5,1,plug
13.700000,0.0932325080,0.0035851731,0.0019290869,10,5,1,plug
13.750000,0.0956482595,0.0037294206,0.0020098551,10,5,1,plug
13.800000,0.0981130013,0.0038789338,0.0020937193,10,5,1,plug
13.850000,0.1006273035,0.0040338818,0.0021807853,10,5,1,plug
13.900000,0.1031917302,0.0041944377,0.0022711619,10,5,1,plug
13.950000,0.1058068386,0.0043607793,0.0023649611,10,5,1,plug
14.000000,0.1084731787,0.0045330891,0.0024622983,10,5,1,plug
14.050000,0.1111912929,0.0047115542,0.0025632920,10,5,1,plug
14.100000,0.1139617156,0.0048963664,0.0026680640,10,5,1,plug
14.150000,0.1167849721,0.0050877224,0.0027767396,10,5,1,plug
14.200000,0.1196615790,0.0052858240,0.0028894475,10,5,1,plug
14.250000,0.1225920428,0.0054908777,0.0030063202,10,5,1,plug
14.300000,0.1255768600,0.0057030953,0.0031274935,10,5,1,plug
14.350000,0.1286165162,0.0059226937,0.0032531071,10,5,1,plug
14.400000,0.1317114857,0.0061498950,0.0033833043,10,5,1,plug
14.450000,0.1348622312,0.0063849266,0.0035182326,10,5,1,plug
14.500000,0.1380692028,0.0066280215,0.0036580429,10,5,1,plug
14.550000,0.1413328376,0.0068794179,0.0038028904,10,5,1,plug
14.600000,0.1446535595,0.0071393596,0.0039529345,10,5,1,plug
14.650000,0.1480317781,0.0074080961,0.0041083382,10,5,1,plug
14.700000,0.1514678886,0.0076858825,0.0042692693,10,5,1,plug
14.750000,0.1549622709,0.0079729798,0.0044358995,10,5,1,plug
14.800000,0.1585152893,0.0082696546,0.0046084050,10,5,1,plug
14.850000,0.1621272917,0.0085761794,0.0047869662,10,5,1,plug
14.900000,0.1657986091,0.0088928330,0.0049717683,10,5,1,plug
14.950000,0.1695295553,0.0092198997,0.0051630009,10,5,1,plug
15.000000,0.1733204258,0.0095576702,0.0053608582,10,5,1,plug
15.050000,0.1771714978,0.0099064413,0.0055655391,10,5,1,plug
15.100000,0.1810830292,0.0102665159,0.0057772474,10,5,1,plug
15.150000,0.1850552583,0.0106382032,0.0059961916,10,5,1,plug
15.200000,0.1890884029,0.0110218188,0.0062225852,10,5,1,plug
15.250000,0.1931826603,0.0114176844,0.0064566466,10,5,1,plug
15.300000,0.1973382060,0.0118261284,0.0066985993,10,5,1,plug
15.350000,0.2015551939,0.0122474853,0.0069486718,10,5,1,plug
15.400000,0.2058337551,0.0126820964,0.0072070980,10,5,1,plug
15.450000,0.2101739976,0.0131303093,0.0074741168,10,5,1,plug
15.500000,0.2145760061,0.0135924784,0.0077499726,10,5,1,plug
15.550000,0.2190398406,0.0140689643,0.0080349149,10,5,1,plug
15.600000,0.2235655369,0.0145601346,0.0083291990,10,5,1,plug
15.650000,0.2281531052,0.0150663634,0.0086330853,10,5,1,plug
15.700000,0.2328025300,0.0155880313,0.0089468400,10,5,1,plug
15.750000,0.2375137696,0.0161255259,0.0092707347,10,5,1,plug
15.800000,0.2422867552,0.0166792411,0.0096050468,10,5,1,plug
15.850000,0.2471213911,0.0172495780,0.0099500594,10,5,1,plug
15.900000,0.2520175533,0.0178369439,0.0103060611,10,5,1,plug
15.950000,0.2569750900,0.0184417530,0.0106733466,10,5,1,plug
16.000000,0.2619938201,0.0190644263,0.0110522162,10,5,1,plug
16.050000,0.2670735337,0.0197053915,0.0114429763,10,5,1,plug
16.100000,0.2722139910,0.0203650827,0.0118459391,10,5,1,plug
16.150000,0.2774149221,0.0210439409,0.0122614226,10,5,1,plug
16.200000,0.2826760264,0.0217424136,0.0126897511,10,5,1,plug
16.250000,0.2879969724,0.0224609550,0.0131312546,10,5,1,plug
16.300000,0.2933773975,0.0232000258,0.0135862695,10,5,1,plug
16.350000,0.2988169068,0.0239600931,0.0140551379,10,5,1,plug
16.400000,0.3043150737,0.0247416307,0.0145382083,10,5,1,plug
16.450000,0.3098714387,0.0255451187,0.0150358351,10,5,1,plug
16.500000,0.3154855100,0.0263710434,0.0155483789,10,5,1,plug
16.550000,0.3211567620,0.0272198976,0.0160762064,10,5,1,plug
16.600000,0.3268846360,0.0280921802,0.0166196907,10,5,1,plug
16.650000,0.3326685396,0.0289883962,0.0171792106,10,5,1,plug
16.700000,0.3385078461,0.0299090567,0.0177551514,10,5,1,plug
16.750000,0.3444018947,0.0308546787,0.0183479043,10,5,1,plug
16.800000,0.3503499900,0.0318257851,0.0189578669,10,5,1,plug
16.850000,0.3563514018,0.0328229044,0.0195854427,10,5,1,plug
16.900000,0.3624053652,0.0338465709,0.0202310413,10,5,1,plug
16.950000,0.3685110800,0.0348973241,0.0208950785,10,5,1,plug
17.000000,0.3746677108,0.0359757092,0.0215779761,10,5,1,plug
17.050000,0.3808743870,0.0370822763,0.0222801618,10,5,1,plug
17.100000,0.3871302022,0.0382175807,0.0230020695,10,5,1,plug
17.150000,0.3934342147,0.0393821827,0.0237441387,10,5,1,plug
17.200000,0.3997854472,0.0405766472,0.0245068151,10,5,1,plug
17.250000,0.4061828866,0.0418015436,0.0252905501,10,5,1,plug
17.300000,0.4126254842,0.0430574459,0.0260958007,10,5,1,plug
17.350000,0.4191121558,0.0443449322,0.0269230299,10,5,1,plug
17.400000,0.4256417813,0.0456645845,0.0277727061,10,5,1,plug
17.450000,0.4322132055,0.0470169887,0.0286453033,10,5,1,plug
17.500000,0.4388252373,0.0484027342,0.0295413010,10,5,1,plug
17.550000,0.4454766507,0.0498224138,0.0304611840,10,5,1,plug
17.600000,0.4521661841,0.0512766234,0.0314054423,10,5,1,plug
17.650000,0.4588925413,0.0527659617,0.0323745712,10,5,1,plug
17.700000,0.4656543910,0.0542910301,0.0333690711,10,5,1,plug
17.750000,0.4724503674,0.0558524322,0.0343894470,10,5,1,plug
17.800000,0.4792790706,0.0574507740,0.0354362092,10,5,1,plug
17.850000,0.4861390664,0.0590866628,0.0365098722,10,5,1,plug
17.900000,0.4930288868,0.0607607079,0.0376109553,10,5,1,plug
17.950000,0.4999470306,0.0624735195,0.0387399820,10,5,1,plug
18.000000,0.5068919635,0.0642257088,0.0398974803,10,5,1,plug
18.050000,0.5138621186,0.0660178875,0.0410839820,10,5,1,plug
18.100000,0.5208558967,0.0678506676,0.0423000229,10,5,1,plug
18.150000,0.5278716669,0.0697246612,0.0435461426,10,5,1,plug
18.200000,0.5349077669,0.0716404796,0.0448228840,10,5,1,plug
18.250000,0.5419625037,0.0735987335,0.0461307936,10,5,1,plug
18.300000,0.5490341542,0.0756000325,0.0474704208,10,5,1,plug
18.350000,0.5561209652,0.0776449847,0.0488423181,10,5,1,plug
18.400000,0.5632211549,0.0797341961,0.0502470408,10,5,1,plug
18.450000,0.5703329127,0.0818682705,0.0516851463,10,5,1,plug
18.500000,0.5774544002,0.0840478090,0.0531571946,10,5,1,plug
18.550000,0.5845837520,0.0862734095,0.0546637477,10,5,1,plug
18.600000,0.5917190761,0.0885456666,0.0562053691,10,5,1,plug
18.650000,0.5988584548,0.0908651708,0.0577826240,10,5,1,plug
18.700000,0.6059999455,0.0932325080,0.0593960788,10,5,1,plug
18.750000,0.6131415814,0.0956482595,0.0610463010,10,5,1,plug
18.800000,0.6202813722,0.0981130013,0.0627338584,10,5,1,plug
18.850000,0.6274173052,0.1006273035,0.0644593196,10,5,1,plug
18.900000,0.6345473459,0.1031917302,0.0662232529,10,5,1,plug
18.950000,0.6416694393,0.1058068386,0.0680262269,10,5,1,plug
19.000000,0.6487815100,0.1084731787,0.0698688090,10,5,1,plug
19.050000,0.6558814642,0.1111912929,0.0717515664,10,5,1,plug
19.100000,0.6629671896,0.1139617156,0.0736750645,10,5,1,plug
19.150000,0.6700365573,0.1167849721,0.0756398677,10,5,1,plug
19.200000,0.6770874221,0.1196615790,0.0776465381,10,5,1,plug
19.250000,0.6841176240,0.1225920428,0.0796956358,10,5,1,plug
19.300000,0.6911249889,0.1255768600,0.0817877183,10,5,1,plug
19.350000,0.6981073301,0.1286165162,0.0839233399,10,5,1,plug
19.400000,0.7050624487,0.1317114857,0.0861030518,10,5,1,plug
19.450000,0.7119881356,0.1348622312,0.0883274014,10,5,1,plug
19.500000,0.7188821716,0.1380692028,0.0905969318,10,5,1,plug
19.550000,0.7257423296,0.1413328376,0.0929121818,10,5,1,plug
19.600000,0.7325663750,0.1446535595,0.0952736851,10,5,1,plug
19.650000,0.7393520672,0.1480317781,0.0976819700,10,5,1,plug
19.700000,0.7460971605,0.1514678886,0.1001375591,10,5,1,plug
19.750000,0.7527994058,0.1549622709,0.1026409688,10,5,1,plug
19.800000,0.7594565515,0.1585152893,0.1051927088,10,5,1,plug
19.850000,0.7660663446,0.1621272917,0.1077932817,10,5,1,plug
19.900000,0.7726265323,0.1657986091,0.1104431827,10,5,1,plug
19.950000,0.7791348629,0.1695295553,0.1131428987,10,5,1,plug
20.000000,0.7855890874,0.1733204258,0.1158929084,10,5,1,plug
20.050000,0.7919869606,0.1771714978,0.1186936814,10,5,1,plug
20.100000,0.7983262422,0.1810830292,0.1215456782,10,5,1,plug
20.150000,0.8046046984,0.1850552583,0.1244493491,10,5,1,plug
20.200000,0.8108201033,0.1890884029,0.1274051342,10,5,1,plug
20.250000,0.8169702396,0.1931826603,0.1304134627,10,5,1,plug
20.300000,0.8230529004,0.1973382060,0.1334747526,10,5,1,plug
20.350000,0.8290658906,0.2015551939,0.1365894099,10,5,1,plug
20.400000,0.8350070277,0.2058337551,0.1397578286,10,5,1,plug
20.450000,0.8408741435,0.2101739976,0.1429803896,10,5,1,plug
20.500000,0.8466650854,0.2145760061,0.1462574605,10,5,1,plug
20.550000,0.8523777175,0.2190398406,0.1495893953,10,5,1,plug
20.600000,0.8580099221,0.2235655369,0.1529765335,10,5,1,plug
20.650000,0.8635596010,0.2281531052,0.1564191998,10,5,1,plug
20.700000,0.8690246764,0.2328025300,0.1599177037,10,5,1,plug
20.750000,0.8744030929,0.2375137696,0.1634723386,10,5,1,plug
20.800000,0.8796928181,0.2422867552,0.1670833818,10,5,1,plug
20.850000,0.8848918443,0.2471213911,0.1707510936,10,5,1,plug
20.900000,0.8899981897,0.2520175533,0.1744757169,10,5,1,plug
20.950000,0.8950098994,0.2569750900,0.1782574769,10,5,1,plug
21.000000,0.8999250469,0.2619938201,0.1820965802,10,5,1,plug
21.050000,0.9047417354,0.2670735337,0.1859932146,10,5,1,plug
21.100000,0.9094580987,0.2722139910,0.1899475484,10,5,1,plug
21.150000,0.9140723026,0.2774149221,0.1939597302,10,5,1,plug
21.200000,0.9185825461,0.2826760264,0.1980298879,10,5,1,plug
21.250000,0.9229870626,0.2879969724,0.2021581288,10,5,1,plug
21.300000,0.9272841209,0.2933773975,0.2063445386,10,5,1,plug
21.350000,0.9314720265,0.2988169068,0.2105891812,10,5,1,plug
21.400000,0.9355491225,0.3043150737,0.2148920982,10,5,1,plug
21.450000,0.9395137909,0.3098714387,0.2192533081,10,5,1,plug
21.500000,0.9433644537,0.3154855100,0.2236728065,10,5,1,plug
21.550000,0.9470995736,0.3211567620,0.2281505649,10,5,1,plug
21.600000,0.9507176554,0.3268846360,0.2326865307,10,5,1,plug
21.650000,0.9542172470,0.3326685396,0.2372806265,10,5,1,plug
21.700000,0.9575969399,0.3385078461,0.2419327499,10,5,1,plug
21.750000,0.9608553708,0.3444018947,0.2466427729,10,5,1,plug
21.800000,0.9639912219,0.3503499900,0.2514105415,10,5,1,plug
21.850000,0.9670032223,0.3563514018,0.2562358754,10,5,1,plug
21.900000,0.9698901486,0.3624053652,0.2611185672,10,5,1,plug
21.950000,0.9726508255,0.3685110800,0.2660583826,10,5,1,plug
22.000000,0.9752841273,0.3746677108,0.2710550597,10,5,1,plug
22.050000,0.9777889779,0.3808743870,0.2761083083,10,5,1,plug
22.100000,0.9801643519,0.3871302022,0.2812178102,10,5,1,plug
22.150000,0.9824092755,0.3934342147,0.2863832185,10,5,1,plug
22.200000,0.9845228265,0.3997854472,0.2916041572,10,5,1,plug
22.250000,0.9865041357,0.4061828866,0.2968802210,10,5,1,plug
22.300000,0.9883523870,0.4126254842,0.3022109749,10,5,1,plug
22.350000,0.9900668182,0.4191121558,0.3075959541,10,5,1,plug
22.400000,0.9916467213,0.4256417813,0.3130346634,10,5,1,plug
22.450000,0.9930914433,0.4322132055,0.3185265774,10,5,1,plug
22.500000,0.9944003863,0.4388252373,0.3240711396,10,5,1,plug
22.550000,0.9955730081,0.4454766507,0.3296677630,10,5,1,plug
22.600000,0.9966088228,0.4521661841,0.3353158291,10,5,1,plug
22.650000,0.9975074004,0.4588925413,0.3410146882,10,5,1,plug
22.700000,0.9982683682,0.4656543910,0.3467636589,10,5,1,plug
22.750000,0.9988914099,0.4724503674,0.3525620283,10,5,1,plug
22.800000,0.9993762668,0.4792790706,0.3584090516,10,5,1,plug
22.850000,0.9997227372,0.4861390664,0.3643039520,10,5,1,plug
22.900000,0.9999306771,0.4930288868,0.3702459207,10,5,1,plug
22.950000,1.0000000000,0.4999470306,0.3762341166,10,5,1,plug
23.000000,0.9999306771,0.5068919635,0.3822676666,10,5,1,plug
23.050000,0.9997227372,0.5138621186,0.3883456653,10,5,1,plug
23.100000,0.9993762668,0.5208558967,0.3944671749,10,5,1,plug
23.150000,0.9988914099,0.5278716669,0.4006312256,10,5,1,plug
23.200000,0.9982683682,0.5349077669,0.4068368152,10,5,1,plug
23.250000,0.9975074004,0.5419625037,0.4130829092,10,5,1,plug
23.300000,0.9966088228,0.5490341542,0.4193684412,10,5,1,plug
23.350000,0.9955730081,0.5561209652,0.4256923126,10,5,1,plug
23.400000,0.9944003863,0.5632211549,0.4320533931,10,5,1,plug
23.450000,0.9930914433,0.5703329127,0.4384505203,10,5,1,plug
23.500000,0.9916467213,0.5774544002,0.4448825005,10,5,1,plug
23.550000,0.9900668182,0.5845837520,0.4513481083,10,5,1,plug
23.600000,0.9883523870,0.5917190761,0.4578460874,10,5,1,plug
23.650000,0.9865041357,0.5988584548,0.4643751501,10,5,1,plug
23.700000,0.9845228265,0.6059999455,0.4709339782,10,5,1,plug
23.750000,0.9824092755,0.6131415814,0.4775212232,10,5,1,plug
23.800000,0.9801643519,0.6202813722,0.4841355061,10,5,1,plug
23.850000,0.9777889779,0.6274173052,0.4907754183,10,5,1,plug
23.900000,0.9752841273,0.6345473459,0.4974395218,10,5,1,plug
23.950000,0.9726508255,0.6416694393,0.5041263493,10,5,1,plug
24.000000,0.9698901486,0.6487815100,0.5108344049,10,5,1,plug
24.050000,0.9670032223,0.6558814642,0.5175621646,10,5,1,plug
24.100000,0.9639912219,0.6629671896,0.5243080765,10,5,1,plug
24.150000,0.9608553708,0.6700365573,0.5310705612,10,5,1,plug
24.200000,0.9575969399,0.6770874221,0.5378480128,10,5,1,plug
24.250000,0.9542172470,0.6841176240,0.5446387990,10,5,1,plug
24.300000,0.9507176554,0.6911249889,0.5514412615,10,5,1,plug
24.350000,0.9470995736,0.6981073301,0.5582537173,10,5,1,plug
24.400000,0.9433644537,0.7050624487,0.5650744585,10,5,1,plug
24.450000,0.9395137909,0.7119881356,0.5719017533,10,5,1,plug
24.500000,0.9355491225,0.7188821716,0.5787338468,10,5,1,plug
24.550000,0.9314720265,0.7257423296,0.5855689613,10,5,1,plug
24.600000,0.9272841209,0.7325663750,0.5924052971,10,5,1,plug
24.650000,0.9229870626,0.7393520672,0.5992410335,10,5,1,plug
24.700000,0.9185825461,0.7460971605,0.6060743293,10,5,1,plug
24.750000,0.9140723026,0.7527994058,0.6129033233,10,5,1,plug
24.800000,0.9094580987,0.7594565515,0.6197261358,10,5,1,plug
24.850000,0.9047417354,0.7660663446,0.6265408686,10,5,1,plug
24.900000,0.8999250469,0.7726265323,0.6333456063,10,5,1,plug
24.950000,0.8950098994,0.7791348629,0.6401384173,10,5,1,plug
25.000000,0.8899981897,0.7855890874,0.6469173539,10,5,1,plug
25.050000,0.8848918443,0.7919869606,0.6536804542,10,5,1,plug
25.100000,0.8796928181,0.7983262422,0.6604257421,10,5,1,plug
25.150000,0.8744030929,0.8046046984,0.6671512288,10,5,1,plug
25.200000,0.8690246764,0.8108201033,0.6738549136,10,5,1,plug
25.250000,0.8635596010,0.8169702396,0.6805347848,10,5,1,plug
25.300000,0.8580099221,0.8230529004,0.6871888204,10,5,1,plug
25.350000,0.8523777175,0.8290658906,0.6938149898,10,5,1,plug
25.400000,0.8466650854,0.8350070277,0.7004112541,10,5,1,plug
25.450000,0.8408741435,0.8408741435,0.7069755674,10,5,1,plug
25.500000,0.8350070277,0.8466650854,0.7135058780,10,5,1,plug
25.550000,0.8290658906,0.8523777175,0.7200001292,10,5,1,plug
25.600000,0.8230529004,0.8580099221,0.7264562603,10,5,1,plug
25.650000,0.8169702396,0.8635596010,0.7328722081,10,5,1,plug
25.700000,0.8108201033,0.8690246764,0.7392459075,10,5,1,plug
25.750000,0.8046046984,0.8744030929,0.7455752927,10,5,1,plug
25.800000,0.7983262422,0.8796928181,0.7518582987,10,5,1,plug
25.850000,0.7919869606,0.8848918443,0.7580928618,10,5,1,plug
25.900000,0.7855890874,0.8899981897,0.7642769211,10,5,1,plug
25.950000,0.7791348629,0.8950098994,0.7704084197,10,5,1,plug
26.000000,0.7726265323,0.8999250469,0.7764853056,10,5,1,plug
26.050000,0.7660663446,0.9047417354,0.7825055328,10,5,1,plug
26.100000,0.7594565515,0.9094580987,0.7884670628,10,5,1,plug
26.150000,0.7527994058,0.9140723026,0.7943678652,10,5,1,plug
26.200000,0.7460971605,0.9185825461,0.8002059195,10,5,1,plug
26.250000,0.7393520672,0.9229870626,0.8059792157,10,5,1,plug
26.300000,0.7325663750,0.9272841209,0.8116857558,10,5,1,plug
26.350000,0.7257423296,0.9314720265,0.8173235546,10,5,1,plug
26.400000,0.7188821716,0.9355491225,0.8228906412,10,5,1,plug
26.450000,0.7119881356,0.9395137909,0.8283850602,10,5,1,plug
26.500000,0.7050624487,0.9433644537,0.8338048723,10,5,1,plug
26.550000,0.6981073301,0.9470995736,0.8391481562,10,5,1,plug
26.600000,0.6911249889,0.9507176554,0.8444130089,10,5,1,plug
26.650000,0.6841176240,0.9542172470,0.8495975477,10,5,1,plug
26.700000,0.6770874221,0.9575969399,0.8546999107,10,5,1,plug
26.750000,0.6700365573,0.9608553708,0.8597182580,10,5,1,plug
26.800000,0.6629671896,0.9639912219,0.8646507732,10,5,1,plug
26.850000,0.6558814642,0.9670032223,0.8694956640,10,5,1,plug
26.900000,0.6487815100,0.9698901486,0.8742511638,10,5,1,plug
26.950000,0.6416694393,0.9726508255,0.8789155321,10,5,1,plug
27.000000,0.6345473459,0.9752841273,0.8834870563,10,5,1,plug
27.050000,0.6274173052,0.9777889779,0.8879640523,10,5,1,plug
27.100000,0.6202813722,0.9801643519,0.8923448656,10,5,1,plug
27.150000,0.6131415814,0.9824092755,0.8966278725,10,5,1,plug
27.200000,0.6059999455,0.9845228265,0.9008114809,10,5,1,plug
27.250000,0.5988584548,0.9865041357,0.9048941314,10,5,1,plug
27.300000,0.5917190761,0.9883523870,0.9088742983,10,5,1,plug
27.350000,0.5845837520,0.9900668182,0.9127504904,10,5,1,plug
27.400000,0.5774544002,0.9916467213,0.9165212522,10,5,1,plug
27.450000,0.5703329127,0.9930914433,0.9201851646,10,5,1,plug
27.500000,0.5632211549,0.9944003863,0.9237408457,10,5,1,plug
27.550000,0.5561209652,0.9955730081,0.9271869522,10,5,1,plug
27.600000,0.5490341542,0.9966088228,0.9305221795,10,5,1,plug
27.650000,0.5419625037,0.9975074004,0.9337452631,10,5,1,plug
27.700000,0.5349077669,0.9982683682,0.9368549793,10,5,1,plug
27.750000,0.5278716669,0.9988914099,0.9398501456,10,5,1,plug
27.800000,0.5208558967,0.9993762668,0.9427296220,10,5,1,plug
27.850000,0.5138621186,0.9997227372,0.9454923115,10,5,1,plug
27.900000,0.5068919635,0.9999306771,0.9481371606,10,5,1,plug
27.950000,0.4999470306,1.0000000000,0.9506631602,10,5,1,plug
28.000000,0.4930288868,0.9999306771,0.9530693462,10,5,1,plug
28.050000,0.4861390664,0.9997227372,0.9553548003,10,5,1,plug
28.100000,0.4792790706,0.9993762668,0.9575186501,10,5,1,plug
28.150000,0.4724503674,0.9988914099,0.9595600702,10,5,1,plug
28.200000,0.4656543910,0.9982683682,0.9614782823,10,5,1,plug
28.250000,0.4588925413,0.9975074004,0.9632725559,10,5,1,plug
28.300000,0.4521661841,0.9966088228,0.9649422090,10,5,1,plug
28.350000,0.4454766507,0.9955730081,0.9664866080,10,5,1,plug
28.400000,0.4388252373,0.9944003863,0.9679051684,10,5,1,plug
28.450000,0.4322132055,0.9930914433,0.9691973555,10,5,1,plug
28.500000,0.4256417813,0.9916467213,0.9703626839,10,5,1,plug
28.550000,0.4191121558,0.9900668182,0.9714007186,10,5,1,plug
28.600000,0.4126254842,0.9883523870,0.9723110751,10,5,1,plug
28.650000,0.4061828866,0.9865041357,0.9730934191,10,5,1,plug
28.700000,0.3997854472,0.9845228265,0.9737474674,10,5,1,plug
28.750000,0.3934342147,0.9824092755,0.9742729879,10,5,1,plug
28.800000,0.3871302022,0.9801643519,0.9746697993,10,5,1,plug
28.850000,0.3808743870,0.9777889779,0.9749377718,10,5,1,plug
28.900000,0.3746677108,0.9752841273,0.9750768268,10,5,1,plug
28.950000,0.3685110800,0.9726508255,0.9750869369,10,5,1,plug
29.000000,0.3624053652,0.9698901486,0.9749681264,10,5,1,plug
29.050000,0.3563514018,0.9670032223,0.9747204705,10,5,1,plug
29.100000,0.3503499900,0.9639912219,0.9743440959,10,5,1,plug
29.150000,0.3444018947,0.9608553708,0.9738391802,10,5,1,plug
29.200000,0.3385078461,0.9575969399,0.9732059524,10,5,1,plug
29.250000,0.3326685396,0.9542172470,0.9724446919,10,5,1,plug
29.300000,0.3268846360,0.9507176554,0.9715557289,10,5,1,plug
29.350000,0.3211567620,0.9470995736,0.9705394440,10,5,1,plug
29.400000,0.3154855100,0.9433644537,0.9693962681,10,5,1,plug
29.450000,0.3098714387,0.9395137909,0.9681266815,10,5,1,plug
29.500000,0.3043150737,0.9355491225,0.9667312144,10,5,1,plug
29.550000,0.2988169068,0.9314720265,0.9652104458,10,5,1,plug
29.600000,0.2933773975,0.9272841209,0.9635650037,10,5,1,plug
29.650000,0.2879969724,0.9229870626,0.9617955641,10,5,1,plug
29.700000,0.2826760264,0.9185825461,0.9599028512,10,5,1,plug
29.750000,0.2774149221,0.9140723026,0.9578876361,10,5,1,plug
29.800000,0.2722139910,0.9094580987,0.9557507371,10,5,1,plug
29.850000,0.2670735337,0.9047417354,0.9534930185,10,5,1,plug
29.900000,0.2619938201,0.8999250469,0.9511153903,10,5,1,plug
29.950000,0.2569750900,0.8950098994,0.9486188078,10,5,1,plug
30.000000,0.2520175533,0.8899981897,0.9460042705,10,5,1,plug
30.050000,0.2471213911,0.8848918443,0.9432728217,10,5,1,plug
30.100000,0.2422867552,0.8796928181,0.9404255479,10,5,1,plug
30.150000,0.2375137696,0.8744030929,0.9374635777,10,5,1,plug
30.200000,0.2328025300,0.8690246764,0.9343880815,10,5,1,plug
30.250000,0.2281531052,0.8635596010,0.9312002707,10,5,1,plug
30.300000,0.2235655369,0.8580099221,0.9279013963,10,5,1,plug
30.350000,0.2190398406,0.8523777175,0.9244927488,10,5,1,plug
30.400000,0.2145760061,0.8466650854,0.9209756573,10,5,1,plug
30.450000,0.2101739976,0.8408741435,0.9173514879,10,5,1,plug
30.500000,0.2058337551,0.8350070277,0.9136216438,10,5,1,plug
30.550000,0.2015551939,0.8290658906,0.9097875637,10,5,1,plug
30.600000,0.1973382060,0.8230529004,0.9058507213,10,5,1,plug
30.650000,0.1931826603,0.8169702396,0.9018126239,10,5,1,plug
30.700000,0.1890884029,0.8108201033,0.8976748120,10,5,1,plug
30.750000,0.1850552583,0.8046046984,0.8934388579,10,5,1,plug
30.800000,0.1810830292,0.7983262422,0.8891063648,10,5,1,plug
30.850000,0.1771714978,0.7919869606,0.8846789660,10,5,1,plug
30.900000,0.1733204258,0.7855890874,0.8801583235,10,5,1,plug
30.950000,0.1695295553,0.7791348629,0.8755461274,10,5,1,plug
31.000000,0.1657986091,0.7726265323,0.8708440946,10,5,1,plug
31.050000,0.1621272917,0.7660663446,0.8660539676,10,5,1,plug
31.100000,0.1585152893,0.7594565515,0.8611775136,10,5,1,plug
31.150000,0.1549622709,0.7527994058,0.8562165238,10,5,1,plug
31.200000,0.1514678886,0.7460971605,0.8511728114,10,5,1,plug
31.250000,0.1480317781,0.7393520672,0.8460482114,10,5,1,plug
31.300000,0.1446535595,0.7325663750,0.8408445791,10,5,1,plug
31.350000,0.1413328376,0.7257423296,0.8355637888,10,5,1,plug
31.400000,0.1380692028,0.7188821716,0.8302077330,10,5,1,plug
31.450000,0.1348622312,0.7119881356,0.8247783213,10,5,1,plug
31.500000,0.1317114857,0.7050624487,0.8192774790,10,5,1,plug
31.550000,0.1286165162,0.6981073301,0.8137071463,10,5,1,plug
31.600000,0.1255768600,0.6911249889,0.8080692767,10,5,1,plug
31.650000,0.1225920428,0.6841176240,0.8023658365,10,5,1,plug
31.700000,0.1196615790,0.6770874221,0.7965988031,10,5,1,plug
31.750000,0.1167849721,0.6700365573,0.7907701643,10,5,1,plug
31.800000,0.1139617156,0.6629671896,0.7848819168,10,5,1,plug
31.850000,0.1111912929,0.6558814642,0.7789360654,10,5,1,plug
31.900000,0.1084731787,0.6487815100,0.7729346217,10,5,1,plug
31.950000,0.1058068386,0.6416694393,0.7668796030,10,5,1,plug
32.000000,0.1031917302,0.6345473459,0.7607730312,10,5,1,plug
32.050000,0.1006273035,0.6274173052,0.7546169319,10,5,1,plug
32.100000,0.0981130013,0.6202813722,0.7484133329,10,5,1,plug
32.150000,0.0956482595,0.6131415814,0.7421642634,10,5,1,plug
32.200000,0.0932325080,0.6059999455,0.7358717530,10,5,1,plug
32.250000,0.0908651708,0.5988584548,0.7295378302,10,5,1,plug
32.300000,0.0885456666,0.5917190761,0.7231645219,10,5,1,plug
32.350000,0.0862734095,0.5845837520,0.7167538518,10,5,1,plug
32.400000,0.0840478090,0.5774544002,0.7103078400,10,5,1,plug
32.450000,0.0818682705,0.5703329127,0.7038285013,10,5,1,plug
32.500000,0.0797341961,0.5632211549,0.6973178446,10,5,1,plug
32.550000,0.0776449847,0.5561209652,0.6907778719,10,5,1,plug
32.600000,0.0756000325,0.5490341542,0.6842105770,10,5,1,plug
32.650000,0.0735987335,0.5419625037,0.6776179451,10,5,1,plug
32.700000,0.0716404796,0.5349077669,0.6710019512,10,5,1,plug
32.750000,0.0697246612,0.5278716669,0.6643645595,10,5,1,plug
32.800000,0.0678506676,0.5208558967,0.6577077225,10,5,1,plug
32.850000,0.0660178875,0.5138621186,0.6510333802,10,5,1,plug
32.900000,0.0642257088,0.5068919635,0.6443434589,10,5,1,plug
32.950000,0.0624735195,0.4999470306,0.6376398703,10,5,1,plug
33.000000,0.0607607079,0.4930288868,0.6309245113,10,5,1,plug
33.050000,0.0590866628,0.4861390664,0.6241992623,10,5,1,plug
33.100000,0.0574507740,0.4792790706,0.6174659871,10,5,1,plug
33.150000,0.0558524322,0.4724503674,0.6107265317,10,5,1,plug
33.200000,0.0542910301,0.4656543910,0.6039827236,10,5,1,plug
33.250000,0.0527659617,0.4588925413,0.5972363712,10,5,1,plug
33.300000,0.0512766234,0.4521661841,0.5904892630,10,5,1,plug
33.350000,0.0498224138,0.4454766507,0.5837431668,10,5,1,plug
33.400000,0.0484027342,0.4388252373,0.5769998292,10,5,1,plug
33.450000,0.0470169887,0.4322132055,0.5702609749,10,5,1,plug
33.500000,0.0456645845,0.4256417813,0.5635283057,10,5,1,plug
33.550000,0.0443449322,0.4191121558,0.5568035006,10,5,1,plug
33.600000,0.0430574459,0.4126254842,0.5500882144,10,5,1,plug
33.650000,0.0418015436,0.4061828866,0.5433840780,10,5,1,plug
33.700000,0.0405766472,0.3997854472,0.5366926969,10,5,1,plug
33.750000,0.0393821827,0.3934342147,0.5300156516,10,5,1,plug
33.800000,0.0382175807,0.3871302022,0.5233544963,10,5,1,plug
33.850000,0.0370822763,0.3808743870,0.5167107591,10,5,1,plug
33.900000,0.0359757092,0.3746677108,0.5100859410,10,5,1,plug
33.950000,0.0348973241,0.3685110800,0.5034815160,10,5,1,plug
34.000000,0.0338465709,0.3624053652,0.4968989302,10,5,1,plug
34.050000,0.0328229044,0.3563514018,0.4903396016,10,5,1,plug
34.100000,0.0318257851,0.3503499900,0.4838049200,10,5,1,plug
34.150000,0.0308546787,0.3444018947,0.4772962462,10,5,1,plug
34.200000,0.0299090567,0.3385078461,0.4708149122,10,5,1,plug
34.250000,0.0289883962,0.3326685396,0.4643622205,10,5,1,plug
34.300000,0.0280921802,0.3268846360,0.4579394439,10,5,1,plug
34.350000,0.0272198976,0.3211567620,0.4515478255,10,5,1,plug
34.400000,0.0263710434,0.3154855100,0.4451885783,10,5,1,plug
34.450000,0.0255451187,0.3098714387,0.4388628850,10,5,1,plug
34.500000,0.0247416307,0.3043150737,0.4325718979,10,5,1,plug
34.550000,0.0239600931,0.2988169068,0.4263167388,10,5,1,plug
34.600000,0.0232000258,0.2933773975,0.4200984986,10,5,1,plug
34.650000,0.0224609550,0.2879969724,0.4139182376,10,5,1,plug
34.700000,0.0217424136,0.2826760264,0.4077769850,10,5,1,plug
34.750000,0.0210439409,0.2774149221,0.4016757393,10,5,1,plug
34.800000,0.0203650827,0.2722139910,0.3956154677,10,5,1,plug
34.850000,0.0197053915,0.2670735337,0.3895971067,10,5,1,plug
34.900000,0.0190644263,0.2619938201,0.3836215615,10,5,1,plug
34.950000,0.0184417530,0.2569750900,0.3776897065,10,5,1,plug
35.000000,0.0178369439,0.2520175533,0.3718023852,10,5,1,plug
35.050000,0.0172495780,0.2471213911,0.3659604100,10,5,1,plug
35.100000,0.0166792411,0.2422867552,0.3601645627,10,5,1,plug
35.150000,0.0161255259,0.2375137696,0.3544155942,10,5,1,plug
35.200000,0.0155880313,0.2328025300,0.3487142249,10,5,1,plug
35.250000,0.0150663634,0.2281531052,0.3430611449,10,5,1,plug
35.300000,0.0145601346,0.2235655369,0.3374570136,10,5,1,plug
35.350000,0.0140689643,0.2190398406,0.3319024608,10,5,1,plug
35.400000,0.0135924784,0.2145760061,0.3263980858,10,5,1,plug
35.450000,0.0131303093,0.2101739976,0.3209444586,10,5,1,plug
35.500000,0.0126820964,0.2058337551,0.3155421195,10,5,1,plug
35.550000,0.0122474853,0.2015551939,0.3101915794,10,5,1,plug
35.600000,0.0118261284,0.1973382060,0.3048933204,10,5,1,plug
35.650000,0.0114176844,0.1931826603,0.2996477956,10,5,1,plug
35.700000,0.0110218188,0.1890884029,0.2944554297,10,5,1,plug
35.750000,0.0106382032,0.1850552583,0.2893166191,10,5,1,plug
35.800000,0.0102665159,0.1810830292,0.2842317326,10,5,1,plug
35.850000,0.0099064413,0.1771714978,0.2792011109,10,5,1,plug
35.900000,0.0095576702,0.1733204258,0.2742250680,10,5,1,plug
35.950000,0.0092198997,0.1695295553,0.2693038905,10,5,1,plug
36.000000,0.0088928330,0.1657986091,0.2644378388,10,5,1,plug
36.050000,0.0085761794,0.1621272917,0.2596271468,10,5,1,plug
36.100000,0.0082696546,0.1585152893,0.2548720227,10,5,1,plug
36.150000,0.0079729798,0.1549622709,0.2501726494,10,5,1,plug
36.200000,0.0076858825,0.1514678886,0.2455291844,10,5,1,plug
36.250000,0.0074080961,0.1480317781,0.2409417609,10,5,1,plug
36.300000,0.0071393596,0.1446535595,0.2364104876,10,5,1,plug
36.350000,0.0068794179,0.1413328376,0.2319354494,10,5,1,plug
36.400000,0.0066280215,0.1380692028,0.2275167079,10,5,1,plug
36.450000,0.0063849266,0.1348622312,0.2231543016,10,5,1,plug
36.500000,0.0061498950,0.1317114857,0.2188482465,10,5,1,plug
36.550000,0.0059226937,0.1286165162,0.2145985365,10,5,1,plug
36.600000,0.0057030953,0.1255768600,0.2104051439,10,5,1,plug
36.650000,0.0054908777,0.1225920428,0.2062680197,10,5,1,plug
36.700000,0.0052858240,0.1196615790,0.2021870941,10,5,1,plug
36.750000,0.0050877224,0.1167849721,0.1981622773,10,5,1,plug
36.800000,0.0048963664,0.1139617156,0.1941934593,10,5,1,plug
36.850000,0.0047115542,0.1111912929,0.1902805109,10,5,1,plug
36.900000,0.0045330891,0.1084731787,0.1864232843,10,5,1,plug
36.950000,0.0043607793,0.1058068386,0.1826216128,10,5,1,plug
37.000000,0.0041944377,0.1031917302,0.1788753120,10,5,1,plug
37.050000,0.0040338818,0.1006273035,0.1751841802,10,5,1,plug
37.100000,0.0038789338,0.0981130013,0.1715479984,10,5,1,plug
37.150000,0.0037294206,0.0956482595,0.1679665313,10,5,1,plug
37.200000,0.0035851731,0.0932325080,0.1644395276,10,5,1,plug
37.250000,0.0034460272,0.0908651708,0.1609667203,10,5,1,plug
37.300000,0.0033118224,0.0885456666,0.1575478273,10,5,1,plug
37.350000,0.0031824030,0.0862734095,0.1541825523,10,5,1,plug
37.400000,0.0030576170,0.0840478090,0.1508705843,10,5,1,plug
37.450000,0.0029373168,0.0818682705,0.1476115991,10,5,1,plug
37.500000,0.0028213585,0.0797341961,0.1444052591,10,5,1,plug
37.550000,0.0027096022,0.0776449847,0.1412512141,10,5,1,plug
37.600000,0.0026019119,0.0756000325,0.1381491017,10,5,1,plug
37.650000,0.0024981553,0.0735987335,0.1350985476,10,5,1,plug
37.700000,0.0023982036,0.0716404796,0.1320991663,10,5,1,plug
37.750000,0.0023019318,0.0697246612,0.1291505613,10,5,1,plug
37.800000,0.0022092184,0.0678506676,0.1262523260,10,5,1,plug
37.850000,0.0021199452,0.0660178875,0.1234040435,10,5,1,plug
37.900000,0.0020339974,0.0642257088,0.1206052877,10,5,1,plug
37.950000,0.0019512636,0.0624735195,0.1178556231,10,5,1,plug
38.000000,0.0018716355,0.0607607079,0.1151546061,10,5,1,plug
38.050000,0.0017950080,0.0590866628,0.1125017844,10,5,1,plug
38.100000,0.0017212791,0.0574507740,0.1098966981,10,5,1,plug
38.150000,0.0016503497,0.0558524322,0.1073388802,10,5,1,plug
38.200000,0.0015821237,0.0542910301,0.1048278565,10,5,1,plug
38.250000,0.0015165080,0.0527659617,0.1023631464,10,5,1,plug
38.300000,0.0014534120,0.0512766234,0.0999442632,10,5,1,plug
38.350000,0.0013927481,0.0498224138,0.0975707144,10,5,1,plug
38.400000,0.0013344312,0.0484027342,0.0952420023,10,5,1,plug
38.450000,0.0012783788,0.0470169887,0.0929576242,10,5,1,plug
38.500000,0.0012245112,0.0456645845,0.0907170730,10,5,1,plug
38.550000,0.0011727508,0.0443449322,0.0885198372,10,5,1,plug
38.600000,0.0011230225,0.0430574459,0.0863654017,10,5,1,plug
38.650000,0.0010752538,0.0418015436,0.0842532477,10,5,1,plug
38.700000,0.0010293743,0.0405766472,0.0821828537,10,5,1,plug
38.750000,0.0009853158,0.0393821827,0.0801536951,10,5,1,plug
38.800000,0.0009430122,0.0382175807,0.0781652449,10,5,1,plug
38.850000,0.0009023998,0.0370822763,0.0762169744,10,5,1,plug
38.900000,0.0008634167,0.0359757092,0.0743083526,10,5,1,plug
38.950000,0.0008260031,0.0348973241,0.0724388475,10,5,1,plug
39.000000,0.0007901012,0.0338465709,0.0706079258,10,5,1,plug
39.050000,0.0007556550,0.0328229044,0.0688150534,10,5,1,plug
39.100000,0.0007226103,0.0318257851,0.0670596956,10,5,1,plug
39.150000,0.0006909148,0.0308546787,0.0653413175,10,5,1,plug
39.200000,0.0006605180,0.0299090567,0.0636593843,10,5,1,plug
39.250000,0.0006313710,0.0289883962,0.0620133614,10,5,1,plug
39.300000,0.0006034265,0.0280921802,0.0604027148,10,5,1,plug
39.350000,0.0005766388,0.0272198976,0.0588269114,10,5,1,plug
39.400000,0.0005509640,0.0263710434,0.0572854192,10,5,1,plug
39.450000,0.0005263593,0.0255451187,0.0557777073,10,5,1,plug
39.500000,0.0005027837,0.0247416307,0.0543032465,10,5,1,plug
39.550000,0.0004801974,0.0239600931,0.0528615095,10,5,1,plug
39.600000,0.0004585622,0.0232000258,0.0514519708,10,5,1,plug
39.650000,0.0004378411,0.0224609550,0.0500741072,10,5,1,plug
39.700000,0.0004179983,0.0217424136,0.0487273979,10,5,1,plug
39.750000,0.0003989995,0.0210439409,0.0474113247,10,5,1,plug
39.800000,0.0003808114,0.0203650827,0.0461253722,10,5,1,plug
39.850000,0.0003634020,0.0197053915,0.0448690280,10,5,1,plug
39.900000,0.0003467404,0.0190644263,0.0436417830,10,5,1,plug
39.950000,0.0003307968,0.0184417530,0.0424431312,10,5,1,plug
40.000000,0.0003155427,0.0178369439,0.0412725701,10,5,1,plug
40.050000,0.0003009502,0.0172495780,0.0401296012,10,5,1,plug
40.100000,0.0002869927,0.0166792411,0.0390137293,10,5,1,plug
40.150000,0.0002736447,0.0161255259,0.0379244634,10,5,1,plug
40.200000,0.0002608812,0.0155880313,0.0368613167,10,5,1,plug
40.250000,0.0002486786,0.0150663634,0.0358238063,10,5,1,plug
40.300000,0.0002370140,0.0145601346,0.0348114539,10,5,1,plug
40.350000,0.0002258651,0.0140689643,0.0338237854,10,5,1,plug
40.400000,0.0002152108,0.0135924784,0.0328603314,10,5,1,plug
40.450000,0.0002050307,0.0131303093,0.0319206271,10,5,1,plug
40.500000,0.0001953051,0.0126820964,0.0310042125,10,5,1,plug
40.550000,0.0001860149,0.0122474853,0.0301106324,10,5,1,plug
40.600000,0.0001771422,0.0118261284,0.0292394364,10,5,1,plug
40.650000,0.0001686693,0.0114176844,0.0283901793,10,5,1,plug
40.700000,0.0001605793,0.0110218188,0.0275624210,10,5,1,plug
40.750000,0.0001528562,0.0106382032,0.0267557263,10,5,1,plug
40.800000,0.0001454844,0.0102665159,0.0259696654,10,5,1,plug
40.850000,0.0001384489,0.0099064413,0.0252038138,10,5,1,plug
40.900000,0.0001317353,0.0095576702,0.0244577521,10,5,1,plug
40.950000,0.0001253300,0.0092198997,0.0237310666,10,5,1,plug
41.000000,0.0001192195,0.0088928330,0.0230233486,10,5,1,plug
41.050000,0.0001133913,0.0085761794,0.0223341952,10,5,1,plug
41.100000,0.0001078330,0.0082696546,0.0216632089,10,5,1,plug
41.150000,0.0001025329,0.0079729798,0.0210099975,10,5,1,plug
41.200000,0.0000974799,0.0076858825,0.0203741747,10,5,1,plug
41.250000,0.0000926630,0.0074080961,0.0197553593,10,5,1,plug
41.300000,0.0000880719,0.0071393596,0.0191531762,10,5,1,plug
41.350000,0.0000836967,0.0068794179,0.0185672555,10,5,1,plug
41.400000,0.0000795278,0.0066280215,0.0179972329,10,5,1,plug
41.450000,0.0000755561,0.0063849266,0.0174427499,10,5,1,plug
41.500000,0.0000717728,0.0061498950,0.0169034535,10,5,1,plug
41.550000,0.0000681694,0.0059226937,0.0163789963,10,5,1,plug
41.600000,0.0000647381,0.0057030953,0.0158690364,10,5,1,plug
41.650000,0.0000614709,0.0054908777,0.0153732376,10,5,1,plug
41.700000,0.0000583605,0.0052858240,0.0148912692,10,5,1,plug
41.750000,0.0000553998,0.0050877224,0.0144228061,10,5,1,plug
41.800000,0.0000525820,0.0048963664,0.0139675287,10,5,1,plug
41.850000,0.0000499006,0.0047115542,0.0135251229,10,5,1,plug
41.900000,0.0000473494,0.0045330891,0.0130952801,10,5,1,plug
41.950000,0.0000449223,0.0043607793,0.0126776971,10,5,1,plug
42.000000,0.0000426138,0.0041944377,0.0122720762,10,5,1,plug
42.050000,0.0000404183,0.0040338818,0.0118781251,10,5,1,plug
42.100000,0.0000383306,0.0038789338,0.0114955569,10,5,1,plug
42.150000,0.0000363457,0.0037294206,0.0111240898,10,5,1,plug
42.200000,0.0000344589,0.0035851731,0.0107634475,10,5,1,plug
42.250000,0.0000326654,0.0034460272,0.0104133589,10,5,1,plug
42.300000,0.0000309610,0.0033118224,0.0100735582,10,5,1,plug
42.350000,0.0000293414,0.0031824030,0.0097437844,10,5,1,plug
42.400000,0.0000278028,0.0030576170,0.0094237821,10,5,1,plug
42.450000,0.0000263411,0.0029373168,0.0091133005,10,5,1,plug
42.500000,0.0000249528,0.0028213585,0.0088120943,10,5,1,plug
42.550000,0.0000236345,0.0027096022,0.0085199226,10,5,1,plug
42.600000,0.0000223826,0.0026019119,0.0082365500,10,5,1,plug
42.650000,0.0000211942,0.0024981553,0.0079617454,10,5,1,plug
42.700000,0.0000200660,0.0023982036,0.0076952830,10,5,1,plug
42.750000,0.0000189953,0.0023019318,0.0074369414,10,5,1,plug
42.800000,0.0000179792,0.0022092184,0.0071865040,10,5,1,plug
42.850000,0.0000170151,0.0021199452,0.0069437589,10,5,1,plug
42.900000,0.0000161005,0.0020339974,0.0067084987,10,5,1,plug
42.950000,0.0000152329,0.0019512636,0.0064805206,10,5,1,plug
43.000000,0.0000144101,0.0018716355,0.0062596261,10,5,1,plug
43.050000,0.0000136299,0.0017950080,0.0060456213,10,5,1,plug
43.100000,0.0000128901,0.0017212791,0.0058383165,10,5,1,plug
43.150000,0.0000121887,0.0016503497,0.0056375262,10,5,1,plug
43.200000,0.0000115239,0.0015821237,0.0054430693,10,5,1,plug
43.250000,0.0000108939,0.0015165080,0.0052547687,10,5,1,plug
43.300000,0.0000102969,0.0014534120,0.0050724516,10,5,1,plug
43.350000,0.0000097312,0.0013927481,0.0048959490,10,5,1,plug
43.400000,0.0000091954,0.0013344312,0.0047250959,10,5,1,plug
43.450000,0.0000086879,0.0012783788,0.0045597312,10,5,1,plug
43.500000,0.0000082072,0.0012245112,0.0043996977,10,5,1,plug
43.550000,0.0000077520,0.0011727508,0.0042448421,10,5,1,plug
43.600000,0.0000073211,0.0011230225,0.0040950144,10,5,1,plug
43.650000,0.0000069132,0.0010752538,0.0039500687,10,5,1,plug
43.700000,0.0000065271,0.0010293743,0.0038098623,10,5,1,plug
43.750000,0.0000061617,0.0009853158,0.0036742563,10,5,1,plug
43.800000,0.0000058159,0.0009430122,0.0035431151,10,5,1,plug
43.850000,0.0000054888,0.0009023998,0.0034163066,10,5,1,plug
43.900000,0.0000051794,0.0008634167,0.0032937019,10,5,1,plug
43.950000,0.0000048867,0.0008260031,0.0031751755,10,5,1,plug
44.000000,0.0000046100,0.0007901012,0.0030606050,10,5,1,plug
44.050000,0.0000043483,0.0007556550,0.0029498712,10,5,1,plug
44.100000,0.0000041009,0.0007226103,0.0028428580,10,5,1,plug
44.150000,0.0000038670,0.0006909148,0.0027394523,10,5,1,plug
44.200000,0.0000036460,0.0006605180,0.0026395440,10,5,1,plug
44.250000,0.0000034371,0.0006313710,0.0025430258,10,5,1,plug
44.300000,0.0000032397,0.0006034265,0.0024497932,10,5,1,plug
44.350000,0.0000030533,0.0005766388,0.0023597449,10,5,1,plug
44.400000,0.0000028772,0.0005509640,0.0022727818,10,5,1,plug
44.450000,0.0000027108,0.0005263593,0.0021888077,10,5,1,plug
44.500000,0.0000025538,0.0005027837,0.0021077292,10,5,1,plug
44.550000,0.0000024055,0.0004801974,0.0020294550,10,5,1,plug
44.600000,0.0000022655,0.0004585622,0.0019538969,10,5,1,plug
44.650000,0.0000021333,0.0004378411,0.0018809685,10,5,1,plug
44.700000,0.0000020086,0.0004179983,0.0018105864,10,5,1,plug
44.750000,0.0000018909,0.0003989995,0.0017426690,10,5,1,plug
44.800000,0.0000017798,0.0003808114,0.0016771375,10,5,1,plug
44.850000,0.0000016751,0.0003634020,0.0016139149,10,5,1,plug
44.900000,0.0000015763,0.0003467404,0.0015529267,10,5,1,plug
44.950000,0.0000014831,0.0003307968,0.0014941003,10,5,1,plug
45.000000,0.0000013952,0.0003155427,0.0014373653,10,5,1,plug
45.050000,0.0000013124,0.0003009502,0.0013826534,10,5,1,plug
45.100000,0.0000012343,0.0002869927,0.0013298981,10,5,1,plug
45.150000,0.0000011607,0.0002736447,0.0012790350,10,5,1,plug
45.200000,0.0000010913,0.0002608812,0.0012300015,10,5,1,plug
45.250000,0.0000010259,0.0002486786,0.0011827370,10,5,1,plug
45.300000,0.0000009643,0.0002370140,0.0011371824,10,5,1,plug
45.350000,0.0000009063,0.0002258651,0.0010932807,10,5,1,plug
45.400000,0.0000008517,0.0002152108,0.0010509763,10,5,1,plug
45.450000,0.0000008002,0.0002050307,0.0010102156,10,5,1,plug
45.500000,0.0000007518,0.0001953051,0.0009709462,10,5,1,plug
45.550000,0.0000007061,0.0001860149,0.0009331178,10,5,1,plug
45.600000,0.0000006632,0.0001771422,0.0008966811,10,5,1,plug
45.650000,0.0000006228,0.0001686693,0.0008615888,10,5,1,plug
45.700000,0.0000005848,0.0001605793,0.0008277947,10,5,1,plug
45.750000,0.0000005490,0.0001528562,0.0007952542,10,5,1,plug
45.800000,0.0000005153,0.0001454844,0.0007639241,10,5,1,plug
45.850000,0.0000004836,0.0001384489,0.0007337625,10,5,1,plug
45.900000,0.0000004538,0.0001317353,0.0007047287,10,5,1,plug
45.950000,0.0000004258,0.0001253300,0.0006767835,10,5,1,plug
46.000000,0.0000003995,0.0001192195,0.0006498888,10,5,1,plug
46.050000,0.0000003747,0.0001133913,0.0006240077,10,5,1,plug
46.100000,0.0000003515,0.0001078330,0.0005991047,10,5,1,plug
46.150000,0.0000003296,0.0001025329,0.0005751450,10,5,1,plug
46.200000,0.0000003090,0.0000974799,0.0005520955,10,5,1,plug
46.250000,0.0000002897,0.0000926630,0.0005299236,10,5,1,plug
46.300000,0.0000002716,0.0000880719,0.0005085982,10,5,1,plug
46.350000,0.0000002545,0.0000836967,0.0004880889,10,5,1,plug
46.400000,0.0000002385,0.0000795278,0.0004683664,10,5,1,plug
46.450000,0.0000002235,0.0000755561,0.0004494025,10,5,1,plug
46.500000,0.0000002094,0.0000717728,0.0004311698,10,5,1,plug
46.550000,0.0000001961,0.0000681694,0.0004136418,10,5,1,plug
46.600000,0.0000001837,0.0000647381,0.0003967929,10,5,1,plug
46.650000,0.0000001720,0.0000614709,0.0003805984,10,5,1,plug
46.700000,0.0000001611,0.0000583605,0.0003650344,10,5,1,plug
46.750000,0.0000001508,0.0000553998,0.0003500777,10,5,1,plug
46.800000,0.0000001411,0.0000525820,0.0003357061,10,5,1,plug
46.850000,0.0000001321,0.0000499006,0.0003218980,10,5,1,plug
46.900000,0.0000001236,0.0000473494,0.0003086325,10,5,1,plug
46.950000,0.0000001157,0.0000449223,0.0002958896,10,5,1,plug
47.000000,0.0000001082,0.0000426138,0.0002836498,10,5,1,plug
47.050000,0.0000001012,0.0000404183,0.0002718943,10,5,1,plug
47.100000,0.0000000947,0.0000383306,0.0002606051,10,5,1,plug
47.150000,0.0000000885,0.0000363457,0.0002497646,10,5,1,plug
47.200000,0.0000000828,0.0000344589,0.0002393561,10,5,1,plug
47.250000,0.0000000774,0.0000326654,0.0002293631,10,5,1,plug
47.300000,0.0000000723,0.0000309610,0.0002197701,10,5,1,plug
47.350000,0.0000000676,0.0000293414,0.0002105617,10,5,1,plug
47.400000,0.0000000632,0.0000278028,0.0002017235,10,5,1,plug
47.450000,0.0000000590,0.0000263411,0.0001932413,10,5,1,plug
47.500000,0.0000000552,0.0000249528,0.0001851015,10,5,1,plug
47.550000,0.0000000515,0.0000236345,0.0001772909,10,5,1,plug
47.600000,0.0000000481,0.0000223826,0.0001697970,10,5,1,plug
47.650000,0.0000000449,0.0000211942,0.0001626075,10,5,1,plug
47.700000,0.0000000420,0.0000200660,0.0001557107,10,5,1,plug
47.750000,0.0000000392,0.0000189953,0.0001490953,10,5,1,plug
47.800000,0.0000000366,0.0000179792,0.0001427502,10,5,1,plug
47.850000,0.0000000341,0.0000170151,0.0001366651,10,5,1,plug
47.900000,0.0000000319,0.0000161005,0.0001308297,10,5,1,plug
47.950000,0.0000000297,0.0000152329,0.0001252343,10,5,1,plug
48.000000,0.0000000277,0.0000144101,0.0001198694,10,5,1,plug
48.050000,0.0000000259,0.0000136299,0.0001147261,10,5,1,plug
48.100000,0.0000000241,0.0000128901,0.0001097956,10,5,1,plug
48.150000,0.0000000225,0.0000121887,0.0001050695,10,5,1,plug
48.200000,0.0000000210,0.0000115239,0.0001005396,10,5,1,plug
48.250000,0.0000000196,0.0000108939,0.0000961983,10,5,1,plug
48.300000,0.0000000182,0.0000102969,0.0000920379,10,5,1,plug
48.350000,0.0000000170,0.0000097312,0.0000880514,10,5,1,plug
48.400000,0.0000000158,0.0000091954,0.0000842316,10,5,1,plug
48.450000,0.0000000148,0.0000086879,0.0000805721,10,5,1,plug
48.500000,0.0000000137,0.0000082072,0.0000770662,10,5,1,plug
48.550000,0.0000000128,0.0000077520,0.0000737080,10,5,1,plug
48.600000,0.0000000119,0.0000073211,0.0000704912,10,5,1,plug
48.650000,0.0000000111,0.0000069132,0.0000674104,10,5,1,plug
48.700000,0.0000000103,0.0000065271,0.0000644599,10,5,1,plug
48.750000,0.0000000096,0.0000061617,0.0000616345,10,5,1,plug
48.800000,0.0000000090,0.0000058159,0.0000589291,10,5,1,plug
48.850000,0.0000000083,0.0000054888,0.0000563387,10,5,1,plug
48.900000,0.0000000078,0.0000051794,0.0000538587,10,5,1,plug
48.950000,0.0000000072,0.0000048867,0.0000514846,10,5,1,plug
49.000000,0.0000000067,0.0000046100,0.0000492120,10,5,1,plug
49.050000,0.0000000063,0.0000043483,0.0000470367,10,5,1,plug
49.100000,0.0000000058,0.0000041009,0.0000449548,10,5,1,plug
49.150000,0.0000000054,0.0000038670,0.0000429623,10,5,1,plug
49.200000,0.0000000050,0.0000036460,0.0000410556,10,5,1,plug
49.250000,0.0000000047,0.0000034371,0.0000392311,10,5,1,plug
49.300000,0.0000000043,0.0000032397,0.0000374854,10,5,1,plug
49.350000,0.0000000040,0.0000030533,0.0000358153,10,5,1,plug
49.400000,0.0000000038,0.0000028772,0.0000342174,10,5,1,plug
49.450000,0.0000000035,0.0000027108,0.0000326890,10,5,1,plug
49.500000,0.0000000032,0.0000025538,0.0000312269,10,5,1,plug
49.550000,0.0000000030,0.0000024055,0.0000298285,10,5,1,plug
49.600000,0.0000000028,0.0000022655,0.0000284911,10,5,1,plug
49.650000,0.0000000026,0.0000021333,0.0000272120,10,5,1,plug
49.700000,0.0000000024,0.0000020086,0.0000259889,10,5,1,plug
49.750000,0.0000000022,0.0000018909,0.0000248194,10,5,1,plug
49.800000,0.0000000021,0.0000017798,0.0000237011,10,5,1,plug
49.850000,0.0000000019,0.0000016751,0.0000226320,10,5,1,plug
49.900000,0.0000000018,0.0000015763,0.0000216100,10,5,1,plug
49.950000,0.0000000017,0.0000014831,0.0000206329,10,5,1,plug
50.000000,0.0000000015,0.0000013952,0.0000196990,10,5,1,plug
50.050000,0.0000000014,0.0000013124,0.0000188063,10,5,1,plug
50.100000,0.0000000013,0.0000012343,0.0000179531,10,5,1,plug
50.150000,0.0000000012,0.0000011607,0.0000171377,10,5,1,plug
50.200000,0.0000000011,0.0000010913,0.0000163585,10,5,1,plug
50.250000,0.0000000011,0.0000010259,0.0000156139,10,5,1,plug
50.300000,0.0000000010,0.0000009643,0.0000149024,10,5,1,plug
50.350000,0.0000000009,0.0000009063,0.0000142227,10,5,1,plug
50.400000,0.0000000008,0.0000008517,0.0000135732,10,5,1,plug
50.450000,0.0000000008,0.0000008002,0.0000129528,10,5,1,plug
50.500000,0.0000000007,0.0000007518,0.0000123601,10,5,1,plug
50.550000,0.0000000007,0.0000007061,0.0000117940,10,5,1,plug
50.600000,0.0000000006,0.0000006632,0.0000112532,10,5,1,plug
50.650000,0.0000000006,0.0000006228,0.0000107367,10,5,1,plug
50.700000,0.0000000005,0.0000005848,0.0000102435,10,5,1,plug
50.750000,0.0000000005,0.0000005490,0.0000097724,10,5,1,plug
50.800000,0.0000000005,0.0000005153,0.0000093226,10,5,1,plug
50.850000,0.0000000004,0.0000004836,0.0000088930,10,5,1,plug
50.900000,0.0000000004,0.0000004538,0.0000084829,10,5,1,plug
50.950000,0.0000000004,0.0000004258,0.0000080913,10,5,1,plug
51.000000,0.0000000003,0.0000003995,0.0000077175,10,5,1,plug
51.050000,0.0000000003,0.0000003747,0.0000073606,10,5,1,plug
51.100000,0.0000000003,0.0000003515,0.0000070199,10,5,1,plug
51.150000,0.0000000003,0.0000003296,0.0000066946,10,5,1,plug
51.200000,0.0000000002,0.0000003090,0.0000063842,10,5,1,plug
51.250000,0.0000000002,0.0000002897,0.0000060879,10,5,1,plug
51.300000,0.0000000002,0.0000002716,0.0000058051,10,5,1,plug
51.350000,0.0000000002,0.0000002545,0.0000055353,10,5,1,plug
51.400000,0.0000000002,0.0000002385,0.0000052777,10,5,1,plug
51.450000,0.0000000002,0.0000002235,0.0000050319,10,5,1,plug
51.500000,0.0000000002,0.0000002094,0.0000047974,10,5,1,plug
51.550000,0.0000000001,0.0000001961,0.0000045737,10,5,1,plug
51.600000,0.0000000001,0.0000001837,0.0000043602,10,5,1,plug
51.650000,0.0000000001,0.0000001720,0.0000041565,10,5,1,plug
51.700000,0.0000000001,0.0000001611,0.0000039622,10,5,1,plug
51.750000,0.0000000001,0.0000001508,0.0000037768,10,5,1,plug
51.800000,0.0000000001,0.0000001411,0.0000035999,10,5,1,plug
51.850000,0.0000000001,0.0000001321,0.0000034312,10,5,1,plug
51.900000,0.0000000001,0.0000001236,0.0000032703,10,5,1,plug
51.950000,0.0000000001,0.0000001157,0.0000031169,10,5,1,plug
52.000000,0.0000000001,0.0000001082,0.0000029705,10,5,1,plug
52.050000,0.0000000001,0.0000001012,0.0000028309,10,5,1,plug
52.100000,0.0000000001,0.0000000947,0.0000026978,10,5,1,plug
52.150000,0.0000000001,0.0000000885,0.0000025708,10,5,1,plug
52.200000,0.0000000000,0.0000000828,0.0000024498,10,5,1,plug
52.250000,0.0000000000,0.0000000774,0.0000023343,10,5,1,plug
52.300000,0.0000000000,0.0000000723,0.0000022243,10,5,1,plug
52.350000,0.0000000000,0.0000000676,0.0000021193,10,5,1,plug
52.400000,0.0000000000,0.0000000632,0.0000020192,10,5,1,plug
52.450000,0.0000000000,0.0000000590,0.0000019238,10,5,1,plug
52.500000,0.0000000000,0.0000000552,0.0000018329,10,5,1,plug
52.550000,0.0000000000,0.0000000515,0.0000017462,10,5,1,plug
52.600000,0.0000000000,0.0000000481,0.0000016635,10,5,1,plug
52.650000,0.0000000000,0.0000000449,0.0000015848,10,5,1,plug
52.700000,0.0000000000,0.0000000420,0.0000015097,10,5,1,plug
52.750000,0.0000000000,0.0000000392,0.0000014381,10,5,1,plug
52.800000,0.0000000000,0.0000000366,0.0000013699,10,5,1,plug
52.850000,0.0000000000,0.0000000341,0.0000013048,10,5,1,plug
52.900000,0.0000000000,0.0000000319,0.0000012429,10,5,1,plug
52.950000,0.0000000000,0.0000000297,0.0000011838,10,5,1,plug
53.000000,0.0000000000,0.0000000277,0.0000011275,10,5,1,plug
53.050000,0.0000000000,0.0000000259,0.0000010739,10,5,1,plug
53.100000,0.0000000000,0.0000000241,0.0000010228,10,5,1,plug
53.150000,0.0000000000,0.0000000225,0.0000009741,10,5,1,plug
53.200000,0.0000000000,0.0000000210,0.0000009277,10,5,1,plug
53.250000,0.0000000000,0.0000000196,0.0000008834,10,5,1,plug
53.300000,0.0000000000,0.0000000182,0.0000008413,10,5,1,plug
53.350000,0.0000000000,0.0000000170,0.0000008012,10,5,1,plug
53.400000,0.0000000000,0.0000000158,0.0000007629,10,5,1,plug
53.450000,0.0000000000,0.0000000148,0.0000007265,10,5,1,plug
53.500000,0.0000000000,0.0000000137,0.0000006918,10,5,1,plug
53.550000,0.0000000000,0.0000000128,0.0000006587,10,5,1,plug
53.600000,0.0000000000,0.0000000119,0.0000006272,10,5,1,plug
53.650000,0.0000000000,0.0000000111,0.0000005972,10,5,1,plug
53.700000,0.0000000000,0.0000000103,0.0000005686,10,5,1,plug
53.750000,0.0000000000,0.0000000096,0.0000005414,10,5,1,plug
53.800000,0.0000000000,0.0000000090,0.0000005154,10,5,1,plug
53.850000,0.0000000000,0.0000000083,0.0000004907,10,5,1,plug
53.900000,0.0000000000,0.0000000078,0.0000004672,10,5,1,plug
53.950000,0.0000000000,0.0000000072,0.0000004448,10,5,1,plug
54.000000,0.0000000000,0.0000000067,0.0000004235,10,5,1,plug
54.050000,0.0000000000,0.0000000063,0.0000004031,10,5,1,plug
54.100000,0.0000000000,0.0000000058,0.0000003838,10,5,1,plug
54.150000,0.0000000000,0.0000000054,0.0000003654,10,5,1,plug
54.200000,0.0000000000,0.0000000050,0.0000003478,10,5,1,plug
54.250000,0.0000000000,0.0000000047,0.0000003311,10,5,1,plug
54.300000,0.0000000000,0.0000000043,0.0000003152,10,5,1,plug
54.350000,0.0000000000,0.0000000040,0.0000003000,10,5,1,plug
54.400000,0.0000000000,0.0000000038,0.0000002856,10,5,1,plug
54.450000,0.0000000000,0.0000000035,0.0000002718,10,5,1,plug
54.500000,0.0000000000,0.0000000032,0.0000002587,10,5,1,plug
54.550000,0.0000000000,0.0000000030,0.0000002463,10,5,1,plug
54.600000,0.0000000000,0.0000000028,0.0000002344,10,5,1,plug
54.650000,0.0000000000,0.0000000026,0.0000002231,10,5,1,plug
54.700000,0.0000000000,0.0000000024,0.0000002124,10,5,1,plug
54.750000,0.0000000000,0.0000000022,0.0000002021,10,5,1,plug
54.800000,0.0000000000,0.0000000021,0.0000001924,10,5,1,plug
54.850000,0.0000000000,0.0000000019,0.0000001831,10,5,1,plug
54.900000,0.0000000000,0.0000000018,0.0000001743,10,5,1,plug
54.950000,0.0000000000,0.0000000017,0.0000001658,10,5,1,plug
55.000000,0.0000000000,0.0000000015,0.0000001578,10,5,1,plug
55.050000,0.0000000000,0.0000000014,0.0000001502,10,5,1,plug
55.100000,0.0000000000,0.0000000013,0.0000001430,10,5,1,plug
55.150000,0.0000000000,0.0000000012,0.0000001361,10,5,1,plug
55.200000,0.0000000000,0.0000000011,0.0000001295,10,5,1,plug
55.250000,0.0000000000,0.0000000011,0.0000001232,10,5,1,plug
55.300000,0.0000000000,0.0000000010,0.0000001173,10,5,1,plug
55.350000,0.0000000000,0.0000000009,0.0000001116,10,5,1,plug
55.400000,0.0000000000,0.0000000008,0.0000001062,10,5,1,plug
55.450000,0.0000000000,0.0000000008,0.0000001011,10,5,1,plug
55.500000,0.0000000000,0.0000000007,0.0000000962,10,5,1,plug
55.550000,0.0000000000,0.0000000007,0.0000000915,10,5,1,plug
55.600000,0.0000000000,0.0000000006,0.0000000871,10,5,1,plug
55.650000,0.0000000000,0.0000000006,0.0000000829,10,5,1,plug
55.700000,0.0000000000,0.0000000005,0.0000000788,10,5,1,plug
55.750000,0.0000000000,0.0000000005,0.0000000750,10,5,1,plug
55.800000,0.0000000000,0.0000000005,0.0000000714,10,5,1,plug
55.850000,0.0000000000,0.0000000004,0.0000000679,10,5,1,plug
55.900000,0.0000000000,0.0000000004,0.0000000646,10,5,1,plug
55.950000,0.0000000000,0.0000000004,0.0000000615,10,5,1,plug
56.000000,0.0000000000,0.0000000003,0.0000000585,10,5,1,plug
56.050000,0.0000000000,0.0000000003,0.0000000557,10,5,1,plug
56.100000,0.0000000000,0.0000000003,0.0000000530,10,5,1,plug
56.150000,0.0000000000,0.0000000003,0.0000000504,10,5,1,plug
56.200000,0.0000000000,0.0000000002,0.0000000480,10,5,1,plug
56.250000,0.0000000000,0.0000000002,0.0000000456,10,5,1,plug
56.300000,0.0000000000,0.0000000002,0.0000000434,10,5,1,plug
56.350000,0.0000000000,0.0000000002,0.0000000413,10,5,1,plug
56.400000,0.0000000000,0.0000000002,0.0000000393,10,5,1,plug
56.450000,0.0000000000,0.0000000002,0.0000000374,10,5,1,plug
56.500000,0.0000000000,0.0000000002,0.0000000356,10,5,1,plug
